id,title,score,popularity,members,favorites,demographics_id,demographics,genresId,genreName,duration,studioId,studioName,rank,rating,source,status,season,scoredBy,producerId,producerName,producerType,episodes,airing,broadcastDay,broadcastTime,broadcastTimezone,airedFrom,airedTo,type
6682,"{'type': 'Default', 'title': '11eyes'}",6.08,909,228569,428,[],[],"[1, 37, 9]","['Action', 'Supernatural', 'Ecchi']",25 min per ep,[95],['Doga Kobo'],8753,R - 17+ (violence & profanity),Visual novel,Finished Airing,fall,123239,"[82, 144, 699]","['Marvelous', 'Pony Canyon', 'feng']","['anime', 'anime', 'anime']",12,False,Wednesdays,01:00,Asia/Tokyo,2009-10-07T00:00:00+00:00,2009-12-23T00:00:00+00:00,TV
32998,"{'type': 'Default', 'title': '91 Days'}",7.83,270,650735,7376,[],[],"[1, 8]","['Action', 'Drama']",24 min per ep,[1119],['Shuka'],840,R - 17+ (violence & profanity),Original,Finished Airing,summer,299464,"[109, 143, 1626]","['Shochiku', 'Mainichi Broadcasting System', 'Shochiku Music Publishing']","['anime', 'anime', 'anime']",12,False,Saturdays,01:55,Asia/Tokyo,2016-07-09T00:00:00+00:00,2016-10-01T00:00:00+00:00,TV
31580,"{'type': 'Default', 'title': 'Ajin'}",7.41,343,551535,3027,[42],['Seinen'],"[1, 14, 7, 37]","['Action', 'Horror', 'Mystery', 'Supernatural']",24 min per ep,[1023],['Polygon Pictures'],2023,R - 17+ (violence & profanity),Manga,Finished Airing,winter,278725,"[143, 159, 460, 737, 1143, 1344]","['Mainichi Broadcasting System', 'Kodansha', 'KlockWorx', 'Sony Music Communications', 'TOHO animation', 'King Records']","['anime', 'anime', 'anime', 'anime', 'anime', 'anime']",13,False,Saturdays,01:55,Asia/Tokyo,2016-01-16T00:00:00+00:00,2016-04-09T00:00:00+00:00,TV
22199,"{'type': 'Default', 'title': 'Akame ga Kill!'}",7.47,29,1912673,27165,[27],['Shounen'],"[1, 10]","['Action', 'Fantasy']",23 min per ep,[314],['White Fox'],1786,R - 17+ (violence & profanity),Manga,Finished Airing,summer,1209831,"[58, 1143]","['Square Enix', 'TOHO animation']","['anime', 'anime']",24,False,Mondays,00:00,Asia/Tokyo,2014-07-07T00:00:00+00:00,2014-12-15T00:00:00+00:00,TV
22729,"{'type': 'Default', 'title': 'Aldnoah.Zero'}",7.4,388,489547,3425,[],[],"[1, 24]","['Action', 'Sci-Fi']",23 min per ep,"[56, 1103]","['A-1 Pictures', 'TROYCA']",2048,R - 17+ (violence & profanity),Original,Finished Airing,summer,272677,"[17, 166, 459, 797, 963, 1211, 1415, 1416]","['Aniplex', 'Movic', 'Nitroplus', 'Houbunsha', 'MAGES.', 'Tokyo MX', 'Asahi Broadcasting', 'BS11']","['anime', 'anime', 'anime', 'anime', 'anime', 'anime', 'anime', 'anime']",12,False,Sundays,00:00,Asia/Tokyo,2014-07-06T00:00:00+00:00,2014-09-21T00:00:00+00:00,TV
6547,"{'type': 'Default', 'title': 'Angel Beats!'}",8.07,28,1950191,46825,[],[],"[8, 37]","['Drama', 'Supernatural']",24 min per ep,[132],['P.A. Works'],488,PG-13 - Teens 13 or older,Original,Finished Airing,spring,1215111,"[17, 53, 143, 146, 166, 203, 681]","['Aniplex', 'Dentsu', 'Mainichi Broadcasting System', 'CBC Television', 'Movic', 'Visual Arts', 'ASCII Media Works']","['anime', 'anime', 'anime', 'anime', 'anime', 'anime', 'anime']",13,False,,,,2010-04-03T00:00:00+00:00,2010-06-26T00:00:00+00:00,TV
11111,"{'type': 'Default', 'title': 'Another'}",7.48,52,1546572,16543,[],[],"[14, 7, 37, 41]","['Horror', 'Mystery', 'Supernatural', 'Suspense']",24 min per ep,[132],['P.A. Works'],1770,R - 17+ (violence & profanity),Novel,Finished Airing,winter,927724,"[104, 113, 245, 460, 687, 689]","['Lantis', 'Kadokawa Shoten', 'Toho', 'KlockWorx', 'Bandai Namco Live Creative', 'NTT Docomo']","['anime', 'anime', 'anime', 'anime', 'anime', 'anime']",12,False,,,,2012-01-10T00:00:00+00:00,2012-03-27T00:00:00+00:00,TV
24833,"{'type': 'Default', 'title': 'Ansatsu Kyoushitsu'}",8.09,35,1817744,27802,[27],['Shounen'],"[1, 4]","['Action', 'Comedy']",23 min per ep,[456],['Lerche'],468,PG-13 - Teens 13 or older,Manga,Finished Airing,winter,1081394,"[53, 101, 169, 315, 843, 1284, 1365]","['Dentsu', 'Studio Hibari', 'Fuji TV', 'DAX Production', 'BS Fuji', 'Avex Pictures', 'Shueisha']","['anime', 'anime', 'anime', 'anime', 'anime', 'anime', 'anime']",22,False,Saturdays,00:55,Asia/Tokyo,2015-01-10T00:00:00+00:00,2015-06-20T00:00:00+00:00,TV
30654,"{'type': 'Default', 'title': 'Ansatsu Kyoushitsu 2nd Season'}",8.5,85,1292972,16985,[27],['Shounen'],"[1, 4]","['Action', 'Comedy']",23 min per ep,[456],['Lerche'],120,PG-13 - Teens 13 or older,Manga,Finished Airing,winter,808766,"[53, 101, 169, 315, 1284, 1365, 1412]","['Dentsu', 'Studio Hibari', 'Fuji TV', 'DAX Production', 'Avex Pictures', 'Shueisha', 'Kansai Telecasting']","['anime', 'anime', 'anime', 'anime', 'anime', 'anime', 'anime']",25,False,Fridays,01:25,Asia/Tokyo,2016-01-08T00:00:00+00:00,2016-07-01T00:00:00+00:00,TV
9919,"{'type': 'Default', 'title': 'Ao no Exorcist'}",7.51,36,1790556,16343,[27],['Shounen'],"[1, 10]","['Action', 'Fantasy']",24 min per ep,[56],['A-1 Pictures'],1673,PG-13 - Teens 13 or older,Manga,Finished Airing,spring,1086133,"[17, 53, 143, 166, 765, 1365]","['Aniplex', 'Dentsu', 'Mainichi Broadcasting System', 'Movic', 'Sakura Create', 'Shueisha']","['anime', 'anime', 'anime', 'anime', 'anime', 'anime']",25,False,Sundays,17:00,Asia/Tokyo,2011-04-17T00:00:00+00:00,2011-10-02T00:00:00+00:00,TV
28391,"{'type': 'Default', 'title': 'Ao no Kanata no Four Rhythm'}",6.65,1390,143121,511,[],[],"[24, 30]","['Sci-Fi', 'Sports']",24 min per ep,[3],['Gonzo'],5612,PG-13 - Teens 13 or older,Visual novel,Finished Airing,winter,63252,"[16, 144, 238, 276, 1113, 1334, 1414, 1494, 1495]","['TV Tokyo', 'Pony Canyon', 'AT-X', 'DLE', 'NBCUniversal Entertainment Japan', 'Docomo Anime Store', 'bilibili', 'Kanon Sound', 'Hobibox']","['anime', 'anime', 'anime', 'anime', 'anime', 'anime', 'anime', 'anime', 'anime']",12,False,Tuesdays,02:05,Asia/Tokyo,2016-01-12T00:00:00+00:00,2016-03-29T00:00:00+00:00,TV
2251,"{'type': 'Default', 'title': 'Baccano!'}",8.37,168,852310,22607,[],[],"[1, 4, 7, 37]","['Action', 'Comedy', 'Mystery', 'Supernatural']",24 min per ep,[112],"[""Brain's Base""]",185,R - 17+ (violence & profanity),Light novel,Finished Airing,summer,363125,"[17, 765, 787]","['Aniplex', 'Sakura Create', 'Happinet Pictures']","['anime', 'anime', 'anime']",13,False,Fridays,00:30,Asia/Tokyo,2007-07-27T00:00:00+00:00,2007-11-02T00:00:00+00:00,TV
6347,"{'type': 'Default', 'title': 'Baka to Test to Shoukanjuu'}",7.53,300,605083,5511,[],[],"[4, 22]","['Comedy', 'Romance']",24 min per ep,[300],['SILVER LINK.'],1591,PG-13 - Teens 13 or older,Light novel,Finished Airing,winter,333533,"[104, 108, 619, 1015]","['Lantis', 'Media Factory', 'Cospa', 'T.O Entertainment']","['anime', 'anime', 'anime', 'anime']",13,False,Thursdays,02:20,Asia/Tokyo,2010-01-07T00:00:00+00:00,2010-04-01T00:00:00+00:00,TV
9471,"{'type': 'Default', 'title': 'Baka to Test to Shoukanjuu: Matsuri'}",7.58,1573,121079,110,[],[],[4],['Comedy'],29 min per ep,[300],['SILVER LINK.'],1423,PG-13 - Teens 13 or older,Light novel,Finished Airing,,70352,"[104, 108, 392, 619, 685, 1015, 1488]","['Lantis', 'Media Factory', 'Enterbrain', 'Cospa', 'Kadokawa Contents Gate', 'T.O Entertainment', 'Hakuhodo DY Media Partners']","['anime', 'anime', 'anime', 'anime', 'anime', 'anime', 'anime']",2,False,,,,2011-02-23T00:00:00+00:00,2011-03-30T00:00:00+00:00,OVA
5081,"{'type': 'Default', 'title': 'Bakemonogatari'}",8.34,82,1312941,47107,[],[],"[7, 22, 37]","['Mystery', 'Romance', 'Supernatural']",25 min per ep,[44],['Shaft'],201,R - 17+ (violence & profanity),Light novel,Finished Airing,summer,692096,"[17, 159]","['Aniplex', 'Kodansha']","['anime', 'anime']",15,False,Fridays,23:00,Asia/Tokyo,2009-07-03T00:00:00+00:00,2010-06-25T00:00:00+00:00,TV
34443,"{'type': 'Default', 'title': 'Baki'}",7.29,572,350035,2182,[27],['Shounen'],[1],['Action'],24 min per ep,[73],['TMS Entertainment'],2565,R - 17+ (violence & profanity),Manga,Finished Airing,,197804,[],[],[],26,False,,,,2018-06-25T00:00:00+00:00,2018-12-17T00:00:00+00:00,ONA
20787,"{'type': 'Default', 'title': 'Black Bullet'}",7.1,161,865525,3651,[],[],"[1, 7, 24]","['Action', 'Mystery', 'Sci-Fi']",24 min per ep,"[290, 1109]","['Kinema Citrus', 'Orange']",3499,R - 17+ (violence & profanity),Light novel,Finished Airing,spring,465812,"[31, 238, 777, 1113]","['Geneon Universal Entertainment', 'AT-X', 'Showgate', 'NBCUniversal Entertainment Japan']","['anime', 'anime', 'anime', 'anime']",13,False,Tuesdays,22:30,Asia/Tokyo,2014-04-08T00:00:00+00:00,2014-07-01T00:00:00+00:00,TV
269,"{'type': 'Default', 'title': 'Bleach'}",7.89,40,1742498,64397,[27],['Shounen'],"[1, 2, 10]","['Action', 'Adventure', 'Fantasy']",24 min per ep,[1],['Pierrot'],740,PG-13 - Teens 13 or older,Manga,Finished Airing,fall,1015444,"[16, 17, 53, 717, 909, 1365]","['TV Tokyo', 'Aniplex', 'Dentsu', 'TV Tokyo Music', 'Studio Kelmadick', 'Shueisha']","['anime', 'anime', 'anime', 'anime', 'anime', 'anime']",366,False,Tuesdays,18:00,Asia/Tokyo,2004-10-05T00:00:00+00:00,2012-03-27T00:00:00+00:00,TV
11633,"{'type': 'Default', 'title': 'Blood Lad'}",7.27,271,648168,1988,[42],['Seinen'],"[1, 4, 37]","['Action', 'Comedy', 'Supernatural']",24 min per ep,[112],"[""Brain's Base""]",2671,PG-13 - Teens 13 or older,Manga,Finished Airing,summer,343763,"[113, 460, 464]","['Kadokawa Shoten', 'KlockWorx', 'flying DOG']","['anime', 'anime', 'anime']",10,False,Mondays,00:30,Asia/Tokyo,2013-07-08T00:00:00+00:00,2013-09-09T00:00:00+00:00,TV
31043,"{'type': 'Default', 'title': 'Boku dake ga Inai Machi'}",8.31,30,1902693,45104,[42],['Seinen'],"[7, 37]","['Mystery', 'Supernatural']",23 min per ep,[56],['A-1 Pictures'],227,R - 17+ (violence & profanity),Manga,Finished Airing,winter,1247612,"[17, 53, 113, 169, 315, 1411, 1412, 1496, 1677, 2225]","['Aniplex', 'Dentsu', 'Kadokawa Shoten', 'Fuji TV', 'DAX Production', 'Kyoraku Industrial Holdings', 'Kansai Telecasting', 'Lawson', 'Kanetsu Investment', 'C-one']","['anime', 'anime', 'anime', 'anime', 'anime', 'anime', 'anime', 'anime', 'anime', 'anime']",12,False,Fridays,00:55,Asia/Tokyo,2016-01-08T00:00:00+00:00,2016-03-25T00:00:00+00:00,TV
31964,"{'type': 'Default', 'title': 'Boku no Hero Academia'}",7.91,6,2744013,52376,[27],['Shounen'],[1],['Action'],24 min per ep,[4],['Bones'],697,PG-13 - Teens 13 or older,Manga,Finished Airing,spring,1894287,"[53, 143, 166, 1143, 1365]","['Dentsu', 'Mainichi Broadcasting System', 'Movic', 'TOHO animation', 'Shueisha']","['anime', 'anime', 'anime', 'anime', 'anime']",13,False,Sundays,17:00,Asia/Tokyo,2016-04-03T00:00:00+00:00,2016-06-26T00:00:00+00:00,TV
14345,"{'type': 'Default', 'title': 'Btooom!'}",7.3,184,808117,3301,[42],['Seinen'],"[1, 24]","['Action', 'Sci-Fi']",24 min per ep,[11],['Madhouse'],2483,R - 17+ (violence & profanity),Manga,Finished Airing,fall,468052,"[64, 460, 464, 777]","['Sotsu', 'KlockWorx', 'flying DOG', 'Showgate']","['anime', 'anime', 'anime', 'anime']",12,False,Thursdays,23:00,Asia/Tokyo,2012-10-04T00:00:00+00:00,2012-12-20T00:00:00+00:00,TV
31478,"{'type': 'Default', 'title': 'Bungou Stray Dogs'}",7.82,92,1205287,23342,[42],['Seinen'],"[1, 7, 37]","['Action', 'Mystery', 'Supernatural']",23 min per ep,[4],['Bones'],865,R - 17+ (violence & profanity),Manga,Finished Airing,spring,613969,"[104, 166, 460, 687, 1255, 1309, 1516]","['Lantis', 'Movic', 'KlockWorx', 'Bandai Namco Live Creative', 'Glovision', 'Lawson HMV Entertainment', 'Sony PCL']","['anime', 'anime', 'anime', 'anime', 'anime', 'anime', 'anime']",12,False,Thursdays,01:05,Asia/Tokyo,2016-04-07T00:00:00+00:00,2016-06-23T00:00:00+00:00,TV
12293,"{'type': 'Default', 'title': 'Campione! Matsurowanu Kamigami to Kamigoroshi no Maou'}",6.95,540,366133,1251,[],[],"[4, 10, 22, 9]","['Comedy', 'Fantasy', 'Romance', 'Ecchi']",24 min per ep,[51],['Diomedéa'],4183,PG-13 - Teens 13 or older,Light novel,Finished Airing,summer,202265,"[104, 238, 271, 306, 415, 460, 1365, 1579]","['Lantis', 'AT-X', 'Barnum Studio', 'Magic Capsule', 'Warner Bros. Japan', 'KlockWorx', 'Shueisha', 'Bulls Eye']","['anime', 'anime', 'anime', 'anime', 'anime', 'anime', 'anime', 'anime']",13,False,,,,2012-07-06T00:00:00+00:00,2012-09-28T00:00:00+00:00,TV
28999,"{'type': 'Default', 'title': 'Charlotte'}",7.75,65,1463919,21395,[],[],[8],['Drama'],24 min per ep,[132],['P.A. Works'],998,PG-13 - Teens 13 or older,Original,Finished Airing,summer,901784,"[17, 143, 166, 203, 681, 1211, 1416]","['Aniplex', 'Mainichi Broadcasting System', 'Movic', 'Visual Arts', 'ASCII Media Works', 'Tokyo MX', 'BS11']","['anime', 'anime', 'anime', 'anime', 'anime', 'anime', 'anime']",13,False,Sundays,00:00,Asia/Tokyo,2015-07-05T00:00:00+00:00,2015-09-27T00:00:00+00:00,TV
4975,"{'type': 'Default', 'title': 'ChäoS;HEAd'}",6.31,751,277938,723,[],[],"[7, 24, 37]","['Mystery', 'Sci-Fi', 'Supernatural']",27 min per ep,[11],['Madhouse'],7549,R - 17+ (violence & profanity),Visual novel,Finished Airing,fall,149520,"[29, 76, 158]","['VAP', 'Yomiuri Telecasting', 'Kids Station']","['anime', 'anime', 'anime']",12,False,,,,2008-10-09T00:00:00+00:00,2008-12-25T00:00:00+00:00,TV
14741,"{'type': 'Default', 'title': 'Chuunibyou demo Koi ga Shitai!'}",7.72,88,1254373,17072,[],[],"[4, 22]","['Comedy', 'Romance']",24 min per ep,[2],['Kyoto Animation'],1067,PG-13 - Teens 13 or older,Light novel,Finished Airing,fall,727819,"[104, 144, 145, 211, 929]","['Lantis', 'Pony Canyon', 'TBS', 'Rakuonsha', 'Animation Do']","['anime', 'anime', 'anime', 'anime', 'anime']",12,False,Thursdays,00:30,Asia/Tokyo,2012-10-04T00:00:00+00:00,2012-12-20T00:00:00+00:00,TV
2167,"{'type': 'Default', 'title': 'Clannad'}",8.01,78,1329848,26780,[],[],"[8, 22, 37]","['Drama', 'Romance', 'Supernatural']",24 min per ep,[2],['Kyoto Animation'],564,PG-13 - Teens 13 or older,Visual novel,Finished Airing,fall,719165,"[144, 145, 166, 929]","['Pony Canyon', 'TBS', 'Movic', 'Animation Do']","['anime', 'anime', 'anime', 'anime']",23,False,Fridays,01:55,Asia/Tokyo,2007-10-05T00:00:00+00:00,2008-03-28T00:00:00+00:00,TV
4181,"{'type': 'Default', 'title': 'Clannad: After Story'}",8.94,107,1111364,67667,[],[],"[8, 22, 37]","['Drama', 'Romance', 'Supernatural']",24 min per ep,[2],['Kyoto Animation'],16,PG-13 - Teens 13 or older,Visual novel,Finished Airing,fall,623144,"[144, 145, 211, 929]","['Pony Canyon', 'TBS', 'Rakuonsha', 'Animation Do']","['anime', 'anime', 'anime', 'anime']",24,False,Fridays,01:59,Asia/Tokyo,2008-10-03T00:00:00+00:00,2009-03-27T00:00:00+00:00,TV
1575,"{'type': 'Default', 'title': 'Code Geass: Hangyaku no Lelouch'}",8.7,19,2063797,102288,[],[],"[1, 8, 24]","['Action', 'Drama', 'Sci-Fi']",24 min per ep,[14],['Sunrise'],50,R - 17+ (violence & profanity),Original,Finished Airing,fall,1296252,"[23, 143, 230, 757, 1233, 1488]","['Bandai Visual', 'Mainichi Broadcasting System', 'Bandai', 'Sony Music Entertainment', 'Bandai Namco Entertainment', 'Hakuhodo DY Media Partners']","['anime', 'anime', 'anime', 'anime', 'anime', 'anime']",25,False,Fridays,01:25,Asia/Tokyo,2006-10-06T00:00:00+00:00,2007-07-29T00:00:00+00:00,TV
1,"{'type': 'Default', 'title': 'Cowboy Bebop'}",8.75,43,1686261,74974,[],[],"[1, 24]","['Action', 'Sci-Fi']",24 min per ep,[14],['Sunrise'],38,R - 17+ (violence & profanity),Original,Finished Airing,spring,871013,[23],['Bandai Visual'],['anime'],26,False,Saturdays,01:00,Asia/Tokyo,1998-04-03T00:00:00+00:00,1999-04-24T00:00:00+00:00,TV
1482,"{'type': 'Default', 'title': 'D.Gray-man'}",8.02,266,655796,13400,[27],['Shounen'],"[1, 2, 4]","['Action', 'Adventure', 'Comedy']",23 min per ep,[73],['TMS Entertainment'],548,PG-13 - Teens 13 or older,Manga,Finished Airing,fall,275571,"[16, 17, 53, 213, 757, 829]","['TV Tokyo', 'Aniplex', 'Dentsu', 'Half H.P Studio', 'Sony Music Entertainment', 'Studio Jack']","['anime', 'anime', 'anime', 'anime', 'anime', 'anime']",103,False,Tuesdays,18:00,Asia/Tokyo,2006-10-03T00:00:00+00:00,2008-09-30T00:00:00+00:00,TV
31636,"{'type': 'Default', 'title': 'Dagashi Kashi'}",6.61,455,423024,954,[27],['Shounen'],"[4, 47]","['Comedy', 'Gourmet']",24 min per ep,[91],['feel.'],5858,PG-13 - Teens 13 or older,Manga,Finished Airing,winter,187521,"[144, 145, 315, 693, 1430, 1496, 1581, 1583, 1585]","['Pony Canyon', 'TBS', 'DAX Production', 'BS-TBS', 'Shogakukan', 'Lawson', 'RAY', 'U-NEXT', 'Nichion']","['anime', 'anime', 'anime', 'anime', 'anime', 'anime', 'anime', 'anime', 'anime']",12,False,Fridays,02:16,Asia/Tokyo,2016-01-08T00:00:00+00:00,2016-04-01T00:00:00+00:00,TV
6573,"{'type': 'Default', 'title': 'Darker than Black: Ryuusei no Gemini'}",7.44,492,394269,1461,[],[],"[1, 7, 24]","['Action', 'Mystery', 'Sci-Fi']",24 min per ep,[4],['Bones'],1890,R - 17+ (violence & profanity),Original,Finished Airing,fall,222956,"[17, 58, 143, 166, 765]","['Aniplex', 'Square Enix', 'Mainichi Broadcasting System', 'Movic', 'Sakura Create']","['anime', 'anime', 'anime', 'anime', 'anime']",12,False,,,,2009-10-09T00:00:00+00:00,2009-12-25T00:00:00+00:00,TV
38656,"{'type': 'Default', 'title': ""Darwin's Game""}",7.25,389,489048,2220,[27],['Shounen'],"[1, 7, 24]","['Action', 'Mystery', 'Sci-Fi']",26 min per ep,[852],['Nexus'],2764,R - 17+ (violence & profanity),Manga,Finished Airing,winter,266395,"[17, 238, 1211, 1373, 1416, 1677, 1901, 2100, 2101]","['Aniplex', 'AT-X', 'Tokyo MX', 'Akita Shoten', 'BS11', 'Kanetsu Investment', 'CA-Cygames Anime Fund', 'Hochi Shimbun', 'ADK']","['anime', 'anime', 'anime', 'anime', 'anime', 'anime', 'anime', 'anime', 'anime']",11,False,Saturdays,00:00,Asia/Tokyo,2020-01-04T00:00:00+00:00,2020-03-21T00:00:00+00:00,TV
6880,"{'type': 'Default', 'title': 'Deadman Wonderland'}",7.16,99,1159360,6472,[27],['Shounen'],"[1, 14, 24, 37]","['Action', 'Horror', 'Sci-Fi', 'Supernatural']",24 min per ep,[32],['Manglobe'],3246,R - 17+ (violence & profanity),Manga,Finished Airing,spring,649607,"[113, 352, 460, 779]","['Kadokawa Shoten', 'Kadokawa Pictures Japan', 'KlockWorx', 'AMG MUSIC']","['anime', 'anime', 'anime', 'anime']",12,False,Sundays,01:00,Asia/Tokyo,2011-04-17T00:00:00+00:00,2011-07-03T00:00:00+00:00,TV
1535,"{'type': 'Default', 'title': 'Death Note'}",8.62,2,3546760,161583,[27],['Shounen'],"[37, 41]","['Supernatural', 'Suspense']",23 min per ep,[11],['Madhouse'],76,R - 17+ (violence & profanity),Manga,Finished Airing,fall,2514055,"[29, 85, 242, 1003, 1365]","['VAP', 'Konami', 'Ashi Productions', 'Nippon Television Network', 'Shueisha']","['anime', 'anime', 'anime', 'anime', 'anime']",37,False,Wednesdays,00:56,Asia/Tokyo,2006-10-04T00:00:00+00:00,2007-06-27T00:00:00+00:00,TV
28223,"{'type': 'Default', 'title': 'Death Parade'}",8.16,49,1614697,26643,[],[],"[8, 37, 41]","['Drama', 'Supernatural', 'Suspense']",23 min per ep,[11],['Madhouse'],385,R - 17+ (violence & profanity),Original,Finished Airing,winter,927288,"[29, 315, 1003]","['VAP', 'DAX Production', 'Nippon Television Network']","['anime', 'anime', 'anime']",12,False,Saturdays,01:58,Asia/Tokyo,2015-01-10T00:00:00+00:00,2015-03-28T00:00:00+00:00,TV
35120,"{'type': 'Default', 'title': 'Devilman: Crybaby'}",7.76,127,1019372,21816,[27],['Shounen'],"[1, 5, 14, 37]","['Action', 'Avant Garde', 'Horror', 'Supernatural']",25 min per ep,[1591],['Science SARU'],988,R+ - Mild Nudity,Manga,Finished Airing,,623788,"[17, 921, 1977]","['Aniplex', 'Dynamic Planning', 'Netflix']","['anime', 'anime', 'anime']",10,False,,,,2018-01-05T00:00:00+00:00,,ONA
37520,"{'type': 'Default', 'title': 'Dororo'}",8.24,115,1071662,18147,[27],['Shounen'],"[1, 2, 37]","['Action', 'Adventure', 'Supernatural']",24 min per ep,"[200, 569]","['Tezuka Productions', 'MAPPA']",294,R - 17+ (violence & profanity),Manga,Finished Airing,winter,550199,[1747],['Twin Engine'],['anime'],24,False,Mondays,22:30,Asia/Tokyo,2019-01-07T00:00:00+00:00,2019-06-24T00:00:00+00:00,TV
225,"{'type': 'Default', 'title': 'Dragon Ball GT'}",6.47,319,586580,1832,[27],['Shounen'],"[1, 2, 4, 10, 24]","['Action', 'Adventure', 'Comedy', 'Fantasy', 'Sci-Fi']",24 min per ep,[18],['Toei Animation'],6675,PG-13 - Teens 13 or older,Manga,Finished Airing,winter,399387,[169],['Fuji TV'],['anime'],64,False,Wednesdays,19:00,Asia/Tokyo,1996-02-07T00:00:00+00:00,1997-11-19T00:00:00+00:00,TV
813,"{'type': 'Default', 'title': 'Dragon Ball Z'}",8.16,104,1131904,34610,[27],['Shounen'],"[1, 2, 4, 10]","['Action', 'Adventure', 'Comedy', 'Fantasy']",24 min per ep,[18],['Toei Animation'],387,PG-13 - Teens 13 or older,Manga,Finished Airing,spring,786837,[169],['Fuji TV'],['anime'],291,False,Wednesdays,19:00,Asia/Tokyo,1989-04-26T00:00:00+00:00,1996-01-31T00:00:00+00:00,TV
9330,"{'type': 'Default', 'title': 'Dragon Crisis!'}",6.64,1235,166074,278,[42],['Seinen'],"[1, 22, 37]","['Action', 'Romance', 'Supernatural']",23 min per ep,[37],['Studio Deen'],5706,PG-13 - Teens 13 or older,Light novel,Finished Airing,winter,85591,"[76, 92, 158, 315, 1365]","['Yomiuri Telecasting', 'Starchild Records', 'Kids Station', 'DAX Production', 'Shueisha']","['anime', 'anime', 'anime', 'anime', 'anime']",12,False,Mondays,01:30,Asia/Tokyo,2011-01-11T00:00:00+00:00,2011-03-29T00:00:00+00:00,TV
28121,"{'type': 'Default', 'title': 'Dungeon ni Deai wo Motomeru no wa Machigatteiru Darou ka'}",7.56,71,1400880,11185,[],[],"[1, 2, 10]","['Action', 'Adventure', 'Fantasy']",24 min per ep,[7],['J.C.Staff'],1478,PG-13 - Teens 13 or older,Light novel,Finished Airing,spring,882647,"[79, 166, 415, 460, 621, 777, 963, 1590]","['Genco', 'Movic', 'Warner Bros. Japan', 'KlockWorx', 'SoftBank Creative', 'Showgate', 'MAGES.', 'FuRyu']","['anime', 'anime', 'anime', 'anime', 'anime', 'anime', 'anime', 'anime']",13,False,Saturdays,01:05,Asia/Tokyo,2015-04-04T00:00:00+00:00,2015-06-27T00:00:00+00:00,TV
30191,"{'type': 'Default', 'title': 'Durarara!!x2 Shou: Watashi no Kokoro wa Nabe Moyou'}",7.68,2411,63486,52,[],[],"[1, 7, 37]","['Action', 'Mystery', 'Supernatural']",23 min,[1119],['Shuka'],1176,R - 17+ (violence & profanity),Light novel,Finished Airing,,27202,[],[],[],1,False,,,,2015-07-22T00:00:00+00:00,,Special
226,"{'type': 'Default', 'title': 'Elfen Lied'}",7.49,69,1418438,23029,[42],['Seinen'],"[1, 8, 14, 22, 37]","['Action', 'Drama', 'Horror', 'Romance', 'Supernatural']",25 min per ep,[38],['Arms'],1735,R+ - Mild Nudity,Manga,Finished Airing,summer,830778,"[29, 79, 2282]","['VAP', 'Genco', 'Studio Guts']","['anime', 'anime', 'anime']",13,False,Sundays,22:30,Asia/Tokyo,2004-07-25T00:00:00+00:00,2004-10-17T00:00:00+00:00,TV
6702,"{'type': 'Default', 'title': 'Fairy Tail'}",7.58,48,1625914,44647,[27],['Shounen'],"[1, 2, 10]","['Action', 'Adventure', 'Fantasy']",24 min per ep,"[41, 56]","['Satelight', 'A-1 Pictures']",1431,PG-13 - Teens 13 or older,Manga,Finished Airing,fall,956419,"[16, 53, 144, 159, 315, 765]","['TV Tokyo', 'Dentsu', 'Pony Canyon', 'Kodansha', 'DAX Production', 'Sakura Create']","['anime', 'anime', 'anime', 'anime', 'anime', 'anime']",175,False,Saturdays,10:30,Asia/Tokyo,2009-10-12T00:00:00+00:00,2013-03-30T00:00:00+00:00,TV
22043,"{'type': 'Default', 'title': 'Fairy Tail (2014)'}",7.66,150,915348,11605,[27],['Shounen'],"[1, 2, 10]","['Action', 'Adventure', 'Fantasy']",24 min per ep,"[56, 397]","['A-1 Pictures', 'Bridge']",1217,PG-13 - Teens 13 or older,Manga,Finished Airing,spring,518386,"[16, 53]","['TV Tokyo', 'Dentsu']","['anime', 'anime']",102,False,Saturdays,10:30,Asia/Tokyo,2014-04-05T00:00:00+00:00,2016-03-26T00:00:00+00:00,TV
356,"{'type': 'Default', 'title': 'Fate/stay night'}",7.28,155,886815,7067,[],[],"[1, 10, 22, 37]","['Action', 'Fantasy', 'Romance', 'Supernatural']",24 min per ep,[37],['Studio Deen'],2634,R - 17+ (violence & profanity),Visual novel,Finished Airing,winter,489206,"[31, 61, 145, 460, 703]","['Geneon Universal Entertainment', 'Frontier Works', 'TBS', 'KlockWorx', 'Notes']","['anime', 'anime', 'anime', 'anime', 'anime']",24,False,Saturdays,01:30,Asia/Tokyo,2006-01-07T00:00:00+00:00,2006-06-17T00:00:00+00:00,TV
22297,"{'type': 'Default', 'title': 'Fate/stay night: Unlimited Blade Works'}",8.19,133,982004,15580,[],[],"[1, 10, 37]","['Action', 'Fantasy', 'Supernatural']",28 min per ep,[43],['ufotable'],358,R - 17+ (violence & profanity),Visual novel,Finished Airing,fall,624705,"[17, 703]","['Aniplex', 'Notes']","['anime', 'anime']",12,False,Sundays,00:00,Asia/Tokyo,2014-10-12T00:00:00+00:00,2014-12-28T00:00:00+00:00,TV
28701,"{'type': 'Default', 'title': 'Fate/stay night: Unlimited Blade Works 2nd Season'}",8.32,192,790897,8864,[],[],"[1, 10, 37]","['Action', 'Fantasy', 'Supernatural']",24 min per ep,[43],['ufotable'],216,R - 17+ (violence & profanity),Visual novel,Finished Airing,spring,524318,"[17, 703]","['Aniplex', 'Notes']","['anime', 'anime']",13,False,Sundays,00:00,Asia/Tokyo,2015-04-05T00:00:00+00:00,2015-06-28T00:00:00+00:00,TV
10087,"{'type': 'Default', 'title': 'Fate/Zero'}",8.28,72,1396541,32596,[],[],"[1, 10, 37]","['Action', 'Fantasy', 'Supernatural']",28 min per ep,[43],['ufotable'],258,R - 17+ (violence & profanity),Light novel,Finished Airing,fall,804442,"[17, 459, 701, 703]","['Aniplex', 'Nitroplus', 'Seikaisha', 'Notes']","['anime', 'anime', 'anime', 'anime']",13,False,Sundays,00:00,Asia/Tokyo,2011-10-02T00:00:00+00:00,2011-12-25T00:00:00+00:00,TV
11741,"{'type': 'Default', 'title': 'Fate/Zero 2nd Season'}",8.56,123,1037116,19761,[],[],"[1, 10, 37]","['Action', 'Fantasy', 'Supernatural']",24 min per ep,[43],['ufotable'],94,R - 17+ (violence & profanity),Light novel,Finished Airing,spring,663060,"[17, 459, 701, 703]","['Aniplex', 'Nitroplus', 'Seikaisha', 'Notes']","['anime', 'anime', 'anime', 'anime']",12,False,Sundays,00:00,Asia/Tokyo,2012-04-08T00:00:00+00:00,2012-06-24T00:00:00+00:00,TV
227,"{'type': 'Default', 'title': 'FLCL'}",8.02,215,754218,27651,[],[],"[1, 5, 4, 24]","['Action', 'Avant Garde', 'Comedy', 'Sci-Fi']",25 min per ep,"[6, 10]","['Gainax', 'Production I.G']",551,PG-13 - Teens 13 or older,Original,Finished Airing,,404074,"[92, 721]","['Starchild Records', 'GANSIS']","['anime', 'anime']",6,False,,,,2000-04-26T00:00:00+00:00,2001-03-16T00:00:00+00:00,OVA
121,"{'type': 'Default', 'title': 'Fullmetal Alchemist'}",8.12,74,1384543,25011,[27],['Shounen'],"[1, 2, 8, 10]","['Action', 'Adventure', 'Drama', 'Fantasy']",24 min per ep,[4],['Bones'],425,R - 17+ (violence & profanity),Manga,Finished Airing,fall,848471,"[17, 53, 58, 143]","['Aniplex', 'Dentsu', 'Square Enix', 'Mainichi Broadcasting System']","['anime', 'anime', 'anime', 'anime']",51,False,Saturdays,18:00,Asia/Tokyo,2003-10-04T00:00:00+00:00,2004-10-02T00:00:00+00:00,TV
5114,"{'type': 'Default', 'title': 'Fullmetal Alchemist: Brotherhood'}",9.12,3,3022611,210147,[27],['Shounen'],"[1, 2, 8, 10]","['Action', 'Adventure', 'Drama', 'Fantasy']",24 min per ep,[4],['Bones'],1,R - 17+ (violence & profanity),Manga,Finished Airing,spring,1929086,"[17, 58, 143, 1155]","['Aniplex', 'Square Enix', 'Mainichi Broadcasting System', 'Studio Moriken']","['anime', 'anime', 'anime', 'anime']",64,False,Sundays,17:00,Asia/Tokyo,2009-04-05T00:00:00+00:00,2010-07-04T00:00:00+00:00,TV
24765,"{'type': 'Default', 'title': 'Gakkougurashi!'}",7.62,460,418308,5137,[],[],"[14, 7, 36, 41]","['Horror', 'Mystery', 'Slice of Life', 'Suspense']",24 min per ep,[456],['Lerche'],1332,R - 17+ (violence & profanity),Manga,Finished Airing,summer,204220,"[64, 459, 1113]","['Sotsu', 'Nitroplus', 'NBCUniversal Entertainment Japan']","['anime', 'anime', 'anime']",12,False,Thursdays,21:30,Asia/Tokyo,2015-07-09T00:00:00+00:00,2015-09-24T00:00:00+00:00,TV
34280,"{'type': 'Default', 'title': 'Gamers!'}",6.78,304,601897,2077,[],[],"[4, 22]","['Comedy', 'Romance']",24 min per ep,[1295],['Pine Jam'],4985,PG-13 - Teens 13 or older,Light novel,Finished Airing,summer,347295,"[15, 61, 64, 113, 238, 1113, 1211, 1331, 1336, 1416]","['Sony Pictures Entertainment', 'Frontier Works', 'Sotsu', 'Kadokawa Shoten', 'AT-X', 'NBCUniversal Entertainment Japan', 'Tokyo MX', 'i0+', 'Chugai Mining', 'BS11']","['anime', 'anime', 'anime', 'anime', 'anime', 'anime', 'anime', 'anime', 'anime', 'anime']",12,False,Thursdays,21:00,Asia/Tokyo,2017-07-13T00:00:00+00:00,2017-09-28T00:00:00+00:00,TV
25183,"{'type': 'Default', 'title': 'Gangsta.'}",7.4,352,535157,3479,[42],['Seinen'],"[1, 8]","['Action', 'Drama']",23 min per ep,[32],['Manglobe'],2077,R - 17+ (violence & profanity),Manga,Finished Airing,summer,262408,"[23, 61, 104, 315, 1211]","['Bandai Visual', 'Frontier Works', 'Lantis', 'DAX Production', 'Tokyo MX']","['anime', 'anime', 'anime', 'anime', 'anime']",12,False,Thursdays,02:44,Asia/Tokyo,2015-07-02T00:00:00+00:00,2015-09-24T00:00:00+00:00,TV
918,"{'type': 'Default', 'title': 'Gintama'}",8.94,138,976501,56112,[27],['Shounen'],"[1, 4, 24]","['Action', 'Comedy', 'Sci-Fi']",24 min per ep,[14],['Sunrise'],17,PG-13 - Teens 13 or older,Manga,Finished Airing,spring,368777,"[16, 17, 53, 643, 645, 763, 1365]","['TV Tokyo', 'Aniplex', 'Dentsu', 'Trinity Sound', 'Audio Highs', 'Miracle Robo', 'Shueisha']","['anime', 'anime', 'anime', 'anime', 'anime', 'anime', 'anime']",201,False,Thursdays,18:00,Asia/Tokyo,2006-04-04T00:00:00+00:00,2010-03-25T00:00:00+00:00,TV
28977,"{'type': 'Default', 'title': 'Gintama°'}",9.07,337,564211,15231,[27],['Shounen'],"[1, 4, 24]","['Action', 'Comedy', 'Sci-Fi']",24 min per ep,[1258],['Bandai Namco Pictures'],5,PG-13 - Teens 13 or older,Manga,Finished Airing,spring,226836,"[16, 17, 53]","['TV Tokyo', 'Aniplex', 'Dentsu']","['anime', 'anime', 'anime']",51,False,Wednesdays,18:00,Asia/Tokyo,2015-04-08T00:00:00+00:00,2016-03-30T00:00:00+00:00,TV
23079,"{'type': 'Default', 'title': 'Glasslip'}",5.42,1275,160154,219,[],[],"[22, 37]","['Romance', 'Supernatural']",23 min per ep,[132],['P.A. Works'],11576,PG-13 - Teens 13 or older,Original,Finished Airing,summer,79144,"[64, 104, 144, 777, 1386]","['Sotsu', 'Lantis', 'Pony Canyon', 'Showgate', 'Infinite']","['anime', 'anime', 'anime', 'anime', 'anime']",13,False,Thursdays,22:30,Asia/Tokyo,2014-07-03T00:00:00+00:00,2014-09-25T00:00:00+00:00,TV
27631,"{'type': 'Default', 'title': 'God Eater'}",7.21,364,516125,1877,[],[],"[1, 10, 24]","['Action', 'Fantasy', 'Sci-Fi']",23 min per ep,[43],['ufotable'],2942,R - 17+ (violence & profanity),Game,Finished Airing,summer,243034,"[23, 104, 1510]","['Bandai Visual', 'Lantis', 'Anime Consortium Japan']","['anime', 'anime', 'anime']",13,False,Sundays,22:30,Asia/Tokyo,2015-07-12T00:00:00+00:00,2016-03-26T00:00:00+00:00,TV
17895,"{'type': 'Default', 'title': 'Golden Time'}",7.74,146,941716,12191,[],[],"[4, 8, 22]","['Comedy', 'Drama', 'Romance']",24 min per ep,[7],['J.C.Staff'],1038,PG-13 - Teens 13 or older,Light novel,Finished Airing,fall,503514,"[79, 92]","['Genco', 'Starchild Records']","['anime', 'anime']",24,False,Fridays,02:35,Asia/Tokyo,2013-10-04T00:00:00+00:00,2014-03-28T00:00:00+00:00,TV
40052,"{'type': 'Default', 'title': 'Great Pretender'}",8.25,328,571927,9072,[],[],"[1, 2, 7]","['Action', 'Adventure', 'Mystery']",23 min per ep,[858],['Wit Studio'],290,R - 17+ (violence & profanity),Original,Finished Airing,summer,277870,"[10, 169, 843, 1143, 1488]","['Production I.G', 'Fuji TV', 'BS Fuji', 'TOHO animation', 'Hakuhodo DY Media Partners']","['anime', 'anime', 'anime', 'anime', 'anime']",23,False,Thursdays,00:55,Asia/Tokyo,2020-07-09T00:00:00+00:00,2020-12-17T00:00:00+00:00,TV
267,"{'type': 'Default', 'title': 'Gungrave'}",7.83,1158,177939,2294,[],[],"[1, 8, 24]","['Action', 'Drama', 'Sci-Fi']",25 min per ep,[11],['Madhouse'],849,R - 17+ (violence & profanity),Game,Finished Airing,fall,66314,[577],['Tohokushinsha Film Corporation'],['anime'],26,False,Tuesdays,01:30,Asia/Tokyo,2003-10-07T00:00:00+00:00,2004-03-30T00:00:00+00:00,TV
31859,"{'type': 'Default', 'title': 'Hai to Gensou no Grimgar'}",7.65,254,671824,5724,[],[],"[1, 2, 8, 10]","['Action', 'Adventure', 'Drama', 'Fantasy']",24 min per ep,[56],['A-1 Pictures'],1248,PG-13 - Teens 13 or older,Light novel,Finished Airing,winter,351379,[1143],['TOHO animation'],['anime'],12,False,Mondays,00:30,Asia/Tokyo,2016-01-11T00:00:00+00:00,2016-03-28T00:00:00+00:00,TV
15809,"{'type': 'Default', 'title': 'Hataraku Maou-sama!'}",7.77,66,1438375,10873,[],[],"[4, 10]","['Comedy', 'Fantasy']",24 min per ep,[314],['White Fox'],972,PG-13 - Teens 13 or older,Light novel,Finished Airing,spring,892416,"[64, 104, 144, 306, 460, 681, 777, 1386]","['Sotsu', 'Lantis', 'Pony Canyon', 'Magic Capsule', 'KlockWorx', 'ASCII Media Works', 'Showgate', 'Infinite']","['anime', 'anime', 'anime', 'anime', 'anime', 'anime', 'anime', 'anime']",13,False,Thursdays,22:00,Asia/Tokyo,2013-04-04T00:00:00+00:00,2013-06-27T00:00:00+00:00,TV
777,"{'type': 'Default', 'title': 'Hellsing Ultimate'}",8.36,170,850229,20147,[42],['Seinen'],"[1, 14, 37]","['Action', 'Horror', 'Supernatural']",49 min per ep,"[11, 41, 894]","['Madhouse', 'Satelight', 'Graphinica']",193,R - 17+ (violence & profanity),Manga,Finished Airing,,444732,"[31, 549, 1553]","['Geneon Universal Entertainment', 'StudioRF Inc.', 'Shounen Gahousha']","['anime', 'anime', 'anime']",10,False,,,,2006-02-10T00:00:00+00:00,2012-12-26T00:00:00+00:00,OVA
5060,"{'type': 'Default', 'title': 'Hetalia Axis Powers'}",7.28,844,247034,4260,[],[],[4],['Comedy'],5 min per ep,[37],['Studio Deen'],2606,PG-13 - Teens 13 or older,Web manga,Finished Airing,,123612,"[61, 315]","['Frontier Works', 'DAX Production']","['anime', 'anime']",52,False,,,,2009-01-24T00:00:00+00:00,2010-03-05T00:00:00+00:00,ONA
11617,"{'type': 'Default', 'title': 'High School DxD'}",7.34,81,1313762,21363,[],[],"[4, 22, 9]","['Comedy', 'Romance', 'Ecchi']",24 min per ep,[120],['TNK'],2329,R+ - Mild Nudity,Light novel,Finished Airing,winter,840136,"[79, 104, 238, 753, 777, 1175, 1664]","['Genco', 'Lantis', 'AT-X', 'PRA', 'Showgate', 'Atelier Musa', 'Fujimi Shobo']","['anime', 'anime', 'anime', 'anime', 'anime', 'anime', 'anime']",12,False,Fridays,11:00,Asia/Tokyo,2012-01-06T00:00:00+00:00,2012-03-23T00:00:00+00:00,TV
8074,"{'type': 'Default', 'title': 'Highschool of the Dead'}",7.08,73,1395737,9595,[27],['Shounen'],"[1, 14, 37, 9]","['Action', 'Horror', 'Supernatural', 'Ecchi']",24 min per ep,[11],['Madhouse'],3622,R+ - Mild Nudity,Manga,Finished Airing,summer,885534,"[31, 238, 777]","['Geneon Universal Entertainment', 'AT-X', 'Showgate']","['anime', 'anime', 'anime']",12,False,Mondays,11:30,Asia/Tokyo,2010-07-05T00:00:00+00:00,2010-09-20T00:00:00+00:00,TV
934,"{'type': 'Default', 'title': 'Higurashi no Naku Koro ni'}",7.89,213,756787,20263,[],[],"[14, 7, 37, 41]","['Horror', 'Mystery', 'Supernatural', 'Suspense']",24 min per ep,[37],['Studio Deen'],745,R - 17+ (violence & profanity),Visual novel,Finished Airing,spring,373060,"[31, 61, 64, 315]","['Geneon Universal Entertainment', 'Frontier Works', 'Sotsu', 'DAX Production']","['anime', 'anime', 'anime', 'anime']",26,False,Wednesdays,01:30,Asia/Tokyo,2006-04-05T00:00:00+00:00,2006-09-27T00:00:00+00:00,TV
2390,"{'type': 'Default', 'title': 'Hoshi no Kirby'}",6.86,3606,30146,280,[],[],"[1, 2, 4, 10]","['Action', 'Adventure', 'Comedy', 'Fantasy']",24 min per ep,[629],['Studio Sign'],4582,PG - Children,Game,Finished Airing,fall,15390,"[146, 503]","['CBC Television', 'Nintendo']","['anime', 'anime']",100,False,Saturdays,19:30,Asia/Tokyo,2001-10-06T00:00:00+00:00,2003-09-27T00:00:00+00:00,TV
11061,"{'type': 'Default', 'title': 'Hunter x Hunter (2011)'}",9.04,10,2504817,191396,[27],['Shounen'],"[1, 2, 10]","['Action', 'Adventure', 'Fantasy']",23 min per ep,[11],['Madhouse'],10,PG-13 - Teens 13 or older,Manga,Finished Airing,fall,1564118,"[29, 1003, 1365]","['VAP', 'Nippon Television Network', 'Shueisha']","['anime', 'anime', 'anime']",148,False,Sundays,10:55,Asia/Tokyo,2011-10-02T00:00:00+00:00,2014-09-24T00:00:00+00:00,TV
12189,"{'type': 'Default', 'title': 'Hyouka'}",8.08,87,1257737,25612,[],[],"[7, 36]","['Mystery', 'Slice of Life']",25 min per ep,[2],['Kyoto Animation'],478,PG-13 - Teens 13 or older,Novel,Finished Airing,spring,592202,"[104, 113, 460, 665, 929]","['Lantis', 'Kadokawa Shoten', 'KlockWorx', 'chara-ani.com', 'Animation Do']","['anime', 'anime', 'anime', 'anime', 'anime']",22,False,Mondays,00:00,Asia/Tokyo,2012-04-23T00:00:00+00:00,2012-09-17T00:00:00+00:00,TV
7088,"{'type': 'Default', 'title': 'Ichiban Ushiro no Daimaou'}",6.76,390,488850,1174,[],[],"[1, 4, 10, 9]","['Action', 'Comedy', 'Fantasy', 'Ecchi']",23 min per ep,[8],['Artland'],5061,R+ - Mild Nudity,Light novel,Finished Airing,spring,286627,"[82, 547, 711]","['Marvelous', 'Hobby Japan', 'Delfi Sound']","['anime', 'anime', 'anime']",12,False,,,,2010-04-03T00:00:00+00:00,2010-06-19T00:00:00+00:00,TV
160,"{'type': 'Default', 'title': 'Ima, Soko ni Iru Boku'}",7.62,1482,130148,1107,[],[],"[2, 8, 10, 24]","['Adventure', 'Drama', 'Fantasy', 'Sci-Fi']",25 min per ep,[48],['AIC'],1323,R - 17+ (violence & profanity),Original,Finished Airing,fall,39259,"[123, 204, 211]","['Victor Entertainment', 'Pioneer LDC', 'Rakuonsha']","['anime', 'anime', 'anime']",13,False,Thursdays,19:00,Asia/Tokyo,1999-10-14T00:00:00+00:00,2000-01-20T00:00:00+00:00,TV
34542,"{'type': 'Default', 'title': 'Inuyashiki'}",7.65,322,584614,3505,[42],['Seinen'],"[1, 8, 24]","['Action', 'Drama', 'Sci-Fi']",22 min per ep,[569],['MAPPA'],1251,R - 17+ (violence & profanity),Manga,Finished Airing,fall,285900,"[17, 53, 159, 169, 1671]","['Aniplex', 'Dentsu', 'Kodansha', 'Fuji TV', 'DMM pictures']","['anime', 'anime', 'anime', 'anime', 'anime']",11,False,Fridays,00:55,Asia/Tokyo,2017-10-13T00:00:00+00:00,2017-12-22T00:00:00+00:00,TV
9041,"{'type': 'Default', 'title': 'IS: Infinite Stratos'}",6.64,305,601448,2232,[],[],"[1, 4, 24, 9]","['Action', 'Comedy', 'Sci-Fi', 'Ecchi']",24 min per ep,[441],['8bit'],5719,PG-13 - Teens 13 or older,Light novel,Finished Airing,winter,346396,"[104, 108, 145, 737, 765]","['Lantis', 'Media Factory', 'TBS', 'Sony Music Communications', 'Sakura Create']","['anime', 'anime', 'anime', 'anime', 'anime']",12,False,Fridays,01:25,Asia/Tokyo,2011-01-07T00:00:00+00:00,2011-04-01T00:00:00+00:00,TV
18247,"{'type': 'Default', 'title': 'IS: Infinite Stratos 2'}",6.47,533,368945,507,[],[],"[1, 4, 24, 9]","['Action', 'Comedy', 'Sci-Fi', 'Ecchi']",24 min per ep,[441],['8bit'],6657,PG-13 - Teens 13 or older,Light novel,Finished Airing,fall,217136,"[104, 145, 737, 1443]","['Lantis', 'TBS', 'Sony Music Communications', 'Overlap']","['anime', 'anime', 'anime', 'anime']",12,False,Fridays,01:58,Asia/Tokyo,2013-10-04T00:00:00+00:00,2013-12-20T00:00:00+00:00,TV
9750,"{'type': 'Default', 'title': 'Itsuka Tenma no Kuro Usagi'}",6.53,1512,127457,212,[],[],"[4, 22, 37, 9]","['Comedy', 'Romance', 'Supernatural', 'Ecchi']",24 min per ep,[218],['Zexcs'],6341,R+ - Mild Nudity,Light novel,Finished Airing,summer,57161,"[61, 113, 238, 352, 460]","['Frontier Works', 'Kadokawa Shoten', 'AT-X', 'Kadokawa Pictures Japan', 'KlockWorx']","['anime', 'anime', 'anime', 'anime', 'anime']",12,False,Saturdays,01:05,Asia/Tokyo,2011-07-09T00:00:00+00:00,2011-09-24T00:00:00+00:00,TV
29785,"{'type': 'Default', 'title': 'Jitsu wa Watashi wa'}",6.86,836,248754,519,[27],['Shounen'],"[4, 10, 22]","['Comedy', 'Fantasy', 'Romance']",23 min per ep,[73],['TMS Entertainment'],4605,PG-13 - Teens 13 or older,Manga,Finished Airing,summer,119487,"[16, 64, 135, 144, 238, 315, 517, 1079, 1373, 2174]","['TV Tokyo', 'Sotsu', 'MediaNet', 'Pony Canyon', 'AT-X', 'DAX Production', 'Asmik Ace', '3xCube', 'Akita Shoten', 'TMS Music']","['anime', 'anime', 'anime', 'anime', 'anime', 'anime', 'anime', 'anime', 'anime', 'anime']",13,False,Tuesdays,01:35,Asia/Tokyo,2015-07-07T00:00:00+00:00,2015-09-29T00:00:00+00:00,TV
14719,"{'type': 'Default', 'title': 'JoJo no Kimyou na Bouken (TV)'}",7.9,64,1483337,34508,[27],['Shounen'],"[1, 2, 37]","['Action', 'Adventure', 'Supernatural']",24 min per ep,[287],['David Production'],724,R - 17+ (violence & profanity),Manga,Finished Airing,fall,959958,"[127, 415, 437, 460, 1365]","['Yomiko Advertising', 'Warner Bros. Japan', 'Kamikaze Douga', 'KlockWorx', 'Shueisha']","['anime', 'anime', 'anime', 'anime', 'anime']",26,False,Saturdays,00:30,Asia/Tokyo,2012-10-06T00:00:00+00:00,2013-04-06T00:00:00+00:00,TV
40748,"{'type': 'Default', 'title': 'Jujutsu Kaisen'}",8.66,21,2039323,76204,[27],['Shounen'],"[1, 46, 10]","['Action', 'Award Winning', 'Fantasy']",23 min per ep,[569],['MAPPA'],65,R - 17+ (violence & profanity),Manga,Finished Airing,fall,1331865,"[143, 1143, 1365, 1856, 2260]","['Mainichi Broadcasting System', 'TOHO animation', 'Shueisha', 'dugout', 'Sumzap']","['anime', 'anime', 'anime', 'anime', 'anime']",24,False,Saturdays,01:25,Asia/Tokyo,2020-10-03T00:00:00+00:00,2021-03-27T00:00:00+00:00,TV
14467,"{'type': 'Default', 'title': 'K'}",7.44,233,718953,6521,[],[],"[1, 7, 37]","['Action', 'Mystery', 'Supernatural']",24 min per ep,[309],['GoHands'],1901,PG-13 - Teens 13 or older,Original,Finished Airing,fall,364414,"[92, 143, 460]","['Starchild Records', 'Mainichi Broadcasting System', 'KlockWorx']","['anime', 'anime', 'anime']",13,False,,,,2012-10-05T00:00:00+00:00,2012-12-28T00:00:00+00:00,TV
16904,"{'type': 'Default', 'title': 'K: Missing Kings'}",7.64,863,242180,609,[],[],"[1, 37]","['Action', 'Supernatural']",1 hr 13 min,[309],['GoHands'],1273,PG-13 - Teens 13 or older,Original,Finished Airing,,118266,"[92, 143, 460, 1255]","['Starchild Records', 'Mainichi Broadcasting System', 'KlockWorx', 'Glovision']","['anime', 'anime', 'anime', 'anime']",1,False,,,,2014-07-12T00:00:00+00:00,,Movie
27991,"{'type': 'Default', 'title': 'K: Return of Kings'}",7.57,654,312140,1163,[],[],"[1, 37]","['Action', 'Supernatural']",24 min per ep,[309],['GoHands'],1458,PG-13 - Teens 13 or older,Original,Finished Airing,fall,148852,"[92, 143, 210, 1255]","['Starchild Records', 'Mainichi Broadcasting System', 'Studio Tulip', 'Glovision']","['anime', 'anime', 'anime', 'anime']",13,False,Saturdays,01:55,Asia/Tokyo,2015-10-03T00:00:00+00:00,2015-12-26T00:00:00+00:00,TV
37999,"{'type': 'Default', 'title': 'Kaguya-sama wa Kokurasetai: Tensai-tachi no Renai Zunousen'}",8.41,57,1522180,35799,[42],['Seinen'],[4],['Comedy'],25 min per ep,[56],['A-1 Pictures'],163,PG-13 - Teens 13 or older,Manga,Finished Airing,winter,967703,"[17, 143, 306, 1365, 1501]","['Aniplex', 'Mainichi Broadcasting System', 'Magic Capsule', 'Shueisha', 'JR East Marketing & Communications']","['anime', 'anime', 'anime', 'anime', 'anime']",12,False,Saturdays,23:30,Asia/Tokyo,2019-01-12T00:00:00+00:00,2019-03-30T00:00:00+00:00,TV
34933,"{'type': 'Default', 'title': 'Kakegurui'}",7.25,77,1337938,10232,[27],['Shounen'],"[8, 7]","['Drama', 'Mystery']",24 min per ep,[569],['MAPPA'],2773,R - 17+ (violence & profanity),Manga,Finished Airing,summer,829935,"[53, 58, 143, 166, 460, 1039, 1185, 1284, 1590]","['Dentsu', 'Square Enix', 'Mainichi Broadcasting System', 'Movic', 'KlockWorx', 'DIVE II Entertainment', '81 Produce', 'Avex Pictures', 'FuRyu']","['anime', 'anime', 'anime', 'anime', 'anime', 'anime', 'anime', 'anime', 'anime']",12,False,Saturdays,22:00,Asia/Tokyo,2017-07-01T00:00:00+00:00,2017-09-23T00:00:00+00:00,TV
16706,"{'type': 'Default', 'title': 'Kami nomi zo Shiru Sekai: Megami-hen'}",8.01,626,324310,1998,[27],['Shounen'],"[4, 22, 37]","['Comedy', 'Romance', 'Supernatural']",24 min per ep,[32],['Manglobe'],571,PG-13 - Teens 13 or older,Manga,Finished Airing,summer,184648,"[16, 31, 1430, 2135]","['TV Tokyo', 'Geneon Universal Entertainment', 'Shogakukan', 'Imagine']","['anime', 'anime', 'anime', 'anime']",12,False,Tuesdays,01:35,Asia/Tokyo,2013-07-09T00:00:00+00:00,2013-09-24T00:00:00+00:00,TV
1691,"{'type': 'Default', 'title': 'Kaze no Stigma'}",7.19,439,433073,1950,[],[],"[1, 22, 37]","['Action', 'Romance', 'Supernatural']",24 min per ep,[3],['Gonzo'],3105,PG-13 - Teens 13 or older,Light novel,Finished Airing,spring,228989,[],[],[],24,False,Fridays,01:30,Asia/Tokyo,2007-04-13T00:00:00+00:00,2007-09-21T00:00:00+00:00,TV
24439,"{'type': 'Default', 'title': 'Kekkai Sensen'}",7.61,186,803362,7305,[27],['Shounen'],"[1, 4, 10, 37]","['Action', 'Comedy', 'Fantasy', 'Supernatural']",26 min per ep,[4],['Bones'],1350,R - 17+ (violence & profanity),Manga,Finished Airing,spring,361648,"[139, 143, 1143, 1365, 1390, 1516]","['Nihon Ad Systems', 'Mainichi Broadcasting System', 'TOHO animation', 'Shueisha', ""Toy's Factory"", 'Sony PCL']","['anime', 'anime', 'anime', 'anime', 'anime', 'anime']",12,False,Sundays,02:28,Asia/Tokyo,2015-04-05T00:00:00+00:00,2015-10-04T00:00:00+00:00,TV
34451,"{'type': 'Default', 'title': 'Kekkai Sensen & Beyond'}",7.8,485,399138,1557,[27],['Shounen'],"[1, 4, 10, 37]","['Action', 'Comedy', 'Fantasy', 'Supernatural']",24 min per ep,[4],['Bones'],898,R - 17+ (violence & profanity),Manga,Finished Airing,fall,180595,"[139, 143, 1143, 1365]","['Nihon Ad Systems', 'Mainichi Broadcasting System', 'TOHO animation', 'Shueisha']","['anime', 'anime', 'anime', 'anime']",12,False,Sundays,03:08,Asia/Tokyo,2017-10-08T00:00:00+00:00,2017-12-24T00:00:00+00:00,TV
36903,"{'type': 'Default', 'title': 'Kengan Ashura'}",7.44,1465,133007,796,[],[],[1],['Action'],24 min per ep,[896],['Larx Entertainment'],1903,R - 17+ (violence & profanity),Web manga,Finished Airing,,69720,"[139, 143, 144, 1430, 1787, 1977, 1996]","['Nihon Ad Systems', 'Mainichi Broadcasting System', 'Pony Canyon', 'Shogakukan', 'KLab', 'Netflix', 'MAGNET']","['anime', 'anime', 'anime', 'anime', 'anime', 'anime', 'anime']",12,False,,,,2019-07-31T00:00:00+00:00,,ONA
516,"{'type': 'Default', 'title': 'Keroro Gunsou'}",7.69,2242,71826,1118,[27],['Shounen'],"[4, 24]","['Comedy', 'Sci-Fi']",23 min per ep,[14],['Sunrise'],1160,PG-13 - Teens 13 or older,Manga,Finished Airing,spring,32446,"[16, 139, 211]","['TV Tokyo', 'Nihon Ad Systems', 'Rakuonsha']","['anime', 'anime', 'anime']",358,False,,,,2004-04-03T00:00:00+00:00,2011-04-04T00:00:00+00:00,TV
18679,"{'type': 'Default', 'title': 'Kill la Kill'}",8.04,50,1600599,36010,[],[],"[1, 4, 9]","['Action', 'Comedy', 'Ecchi']",24 min per ep,[803],['Trigger'],524,PG-13 - Teens 13 or older,Original,Finished Airing,fall,890544,"[17, 53, 113, 143, 166, 539, 1123]","['Aniplex', 'Dentsu', 'Kadokawa Shoten', 'Mainichi Broadcasting System', 'Movic', 'Ultra Super Pictures', 'Lucent Pictures Entertainment']","['anime', 'anime', 'anime', 'anime', 'anime', 'anime', 'anime']",24,False,Fridays,02:05,Asia/Tokyo,2013-10-04T00:00:00+00:00,2014-03-28T00:00:00+00:00,TV
38000,"{'type': 'Default', 'title': 'Kimetsu no Yaiba'}",8.53,7,2602738,84223,[27],['Shounen'],"[1, 46, 10]","['Action', 'Award Winning', 'Fantasy']",23 min per ep,[43],['ufotable'],106,R - 17+ (violence & profanity),Manga,Finished Airing,spring,1810466,"[17, 1365]","['Aniplex', 'Shueisha']","['anime', 'anime']",26,False,Saturdays,23:30,Asia/Tokyo,2019-04-06T00:00:00+00:00,2019-09-28T00:00:00+00:00,TV
22535,"{'type': 'Default', 'title': 'Kiseijuu: Sei no Kakuritsu'}",8.34,42,1698422,32335,[42],['Seinen'],"[1, 14, 24]","['Action', 'Horror', 'Sci-Fi']",23 min per ep,[11],['Madhouse'],205,R - 17+ (violence & profanity),Manga,Finished Airing,fall,1057448,"[29, 159, 1003, 1423]","['VAP', 'Kodansha', 'Nippon Television Network', 'Forecast Communications']","['anime', 'anime', 'anime', 'anime']",24,False,Thursdays,01:29,Asia/Tokyo,2014-10-09T00:00:00+00:00,2015-03-26T00:00:00+00:00,TV
31798,"{'type': 'Default', 'title': 'Kiznaiver'}",7.38,244,685548,4758,[],[],"[8, 22, 24]","['Drama', 'Romance', 'Sci-Fi']",24 min per ep,[803],['Trigger'],2158,PG-13 - Teens 13 or older,Original,Finished Airing,spring,335936,"[17, 166, 539, 1345, 1415, 1416, 1468]","['Aniplex', 'Movic', 'Ultra Super Pictures', 'Sammy', 'Asahi Broadcasting', 'BS11', 'Crunchyroll']","['anime', 'anime', 'anime', 'anime', 'anime', 'anime', 'anime']",12,False,Saturdays,23:30,Asia/Tokyo,2016-04-09T00:00:00+00:00,2016-06-25T00:00:00+00:00,TV
28851,"{'type': 'Default', 'title': 'Koe no Katachi'}",8.95,18,2067705,79733,[27],['Shounen'],"[46, 8]","['Award Winning', 'Drama']",2 hr 10 min,[2],['Kyoto Animation'],15,PG-13 - Teens 13 or older,Manga,Finished Airing,,1444480,"[109, 144, 159, 1500, 1574]","['Shochiku', 'Pony Canyon', 'Kodansha', 'ABC Animation', 'Quaras']","['anime', 'anime', 'anime', 'anime', 'anime']",1,False,,,,2016-09-17T00:00:00+00:00,,Movie
30831,"{'type': 'Default', 'title': 'Kono Subarashii Sekai ni Shukufuku wo!'}",8.12,39,1768155,42164,[],[],"[2, 4, 10]","['Adventure', 'Comedy', 'Fantasy']",23 min per ep,[37],['Studio Deen'],433,PG-13 - Teens 13 or older,Light novel,Finished Airing,winter,1160094,"[213, 323, 460, 737, 882, 1185, 1551, 1696]","['Half H.P Studio', 'Nippon Columbia', 'KlockWorx', 'Sony Music Communications', 'Toranoana', '81 Produce', 'Kadokawa Media House', 'Kadokawa']","['anime', 'anime', 'anime', 'anime', 'anime', 'anime', 'anime', 'anime']",10,False,Thursdays,01:05,Asia/Tokyo,2016-01-14T00:00:00+00:00,2016-03-17T00:00:00+00:00,TV
8841,"{'type': 'Default', 'title': 'Kore wa Zombie desu ka?'}",7.36,311,597338,3087,[],[],"[1, 4, 37, 9]","['Action', 'Comedy', 'Supernatural', 'Ecchi']",24 min per ep,[37],['Studio Deen'],2199,R - 17+ (violence & profanity),Light novel,Finished Airing,winter,331450,"[113, 238, 352, 460, 464]","['Kadokawa Shoten', 'AT-X', 'Kadokawa Pictures Japan', 'KlockWorx', 'flying DOG']","['anime', 'anime', 'anime', 'anime', 'anime']",12,False,,,,2011-01-11T00:00:00+00:00,2011-03-30T00:00:00+00:00,TV
237,"{'type': 'Default', 'title': 'Koukyoushihen Eureka Seven'}",8.06,461,418114,8902,[],[],"[2, 8, 22, 24]","['Adventure', 'Drama', 'Romance', 'Sci-Fi']",24 min per ep,[4],['Bones'],502,PG-13 - Teens 13 or older,Original,Finished Airing,spring,176926,"[17, 23, 113, 143, 230, 242, 757, 1097, 1488, 1588, 1615]","['Aniplex', 'Bandai Visual', 'Kadokawa Shoten', 'Mainichi Broadcasting System', 'Bandai', 'Ashi Productions', 'Sony Music Entertainment', 'Bandai Namco Games', 'Hakuhodo DY Media Partners', 'Bandai Channel', 'USEN']","['anime', 'anime', 'anime', 'anime', 'anime', 'anime', 'anime', 'anime', 'anime', 'anime', 'anime']",50,False,Sundays,07:00,Asia/Tokyo,2005-04-17T00:00:00+00:00,2006-04-02T00:00:00+00:00,TV
28623,"{'type': 'Default', 'title': 'Koutetsujou no Kabaneri'}",7.26,219,749915,3301,[],[],"[1, 8, 10, 14]","['Action', 'Drama', 'Fantasy', 'Horror']",22 min per ep,[858],['Wit Studio'],2711,R - 17+ (violence & profanity),Original,Finished Airing,spring,402405,"[17, 53, 169, 1411, 1412]","['Aniplex', 'Dentsu', 'Fuji TV', 'Kyoraku Industrial Holdings', 'Kansai Telecasting']","['anime', 'anime', 'anime', 'anime', 'anime']",12,False,Fridays,00:55,Asia/Tokyo,2016-04-08T00:00:00+00:00,2016-07-01T00:00:00+00:00,TV
18153,"{'type': 'Default', 'title': 'Kyoukai no Kanata'}",7.73,112,1084080,11509,[],[],"[1, 10]","['Action', 'Fantasy']",24 min per ep,[2],['Kyoto Animation'],1049,PG-13 - Teens 13 or older,Light novel,Finished Airing,fall,519992,"[104, 144, 145]","['Lantis', 'Pony Canyon', 'TBS']","['anime', 'anime', 'anime']",12,False,Thursdays,00:30,Asia/Tokyo,2013-10-03T00:00:00+00:00,2013-12-19T00:00:00+00:00,TV
19703,"{'type': 'Default', 'title': 'Kyousou Giga (TV)'}",7.72,1161,176964,1888,[],[],"[1, 10, 37]","['Action', 'Fantasy', 'Supernatural']",25 min per ep,[18],['Toei Animation'],1081,PG-13 - Teens 13 or older,Original,Finished Airing,fall,50152,"[142, 715, 737, 1588, 1720]","['Asatsu DK', 'Dwango', 'Sony Music Communications', 'Bandai Channel', 'Aoni Production']","['anime', 'anime', 'anime', 'anime', 'anime']",10,False,Thursdays,01:30,Asia/Tokyo,2013-10-10T00:00:00+00:00,2013-12-19T00:00:00+00:00,TV
34599,"{'type': 'Default', 'title': 'Made in Abyss'}",8.67,91,1211332,39832,[],[],"[2, 8, 10, 7, 24]","['Adventure', 'Drama', 'Fantasy', 'Mystery', 'Sci-Fi']",25 min per ep,[290],['Kinema Citrus'],55,R - 17+ (violence & profanity),Web manga,Finished Airing,summer,655897,"[108, 238, 332, 737, 1551, 1587, 1677, 1696, 2095, 2369]","['Media Factory', 'AT-X', 'Takeshobo', 'Sony Music Communications', 'Kadokawa Media House', 'Cygames', 'Kanetsu Investment', 'Kadokawa', 'Global Solutions', 'IRMA LA DOUCE']","['anime', 'anime', 'anime', 'anime', 'anime', 'anime', 'anime', 'anime', 'anime', 'anime']",13,False,Fridays,21:30,Asia/Tokyo,2017-07-07T00:00:00+00:00,2017-09-29T00:00:00+00:00,TV
9756,"{'type': 'Default', 'title': 'Mahou Shoujo Madoka★Magica'}",8.36,94,1190840,50840,[],[],"[46, 8, 41]","['Award Winning', 'Drama', 'Suspense']",24 min per ep,[44],['Shaft'],195,PG-13 - Teens 13 or older,Original,Finished Airing,winter,700467,"[17, 143, 166, 459, 797]","['Aniplex', 'Mainichi Broadcasting System', 'Movic', 'Nitroplus', 'Houbunsha']","['anime', 'anime', 'anime', 'anime', 'anime']",12,False,Fridays,01:25,Asia/Tokyo,2011-01-07T00:00:00+00:00,2011-04-22T00:00:00+00:00,TV
20785,"{'type': 'Default', 'title': 'Mahouka Koukou no Rettousei'}",7.42,136,977684,10682,[],[],"[1, 22, 24, 37]","['Action', 'Romance', 'Sci-Fi', 'Supernatural']",23 min per ep,[11],['Madhouse'],1979,PG-13 - Teens 13 or older,Light novel,Finished Airing,spring,547427,"[17, 58, 166, 681]","['Aniplex', 'Square Enix', 'Movic', 'ASCII Media Works']","['anime', 'anime', 'anime', 'anime']",26,False,Sundays,00:30,Asia/Tokyo,2014-04-06T00:00:00+00:00,2014-09-28T00:00:00+00:00,TV
32438,"{'type': 'Default', 'title': 'Mayoiga'}",5.5,989,209403,278,[],[],"[8, 14, 7]","['Drama', 'Horror', 'Mystery']",24 min per ep,[51],['Diomedéa'],11313,R - 17+ (violence & profanity),Original,Finished Airing,spring,106951,"[33, 143, 144, 460, 719, 1429, 1430]","['WOWOW', 'Mainichi Broadcasting System', 'Pony Canyon', 'KlockWorx', 'Studio Mausu', 'Azumaker', 'Shogakukan']","['anime', 'anime', 'anime', 'anime', 'anime', 'anime', 'anime']",12,False,Fridays,22:30,Asia/Tokyo,2016-04-01T00:00:00+00:00,2016-06-17T00:00:00+00:00,TV
11761,"{'type': 'Default', 'title': 'Medaka Box'}",7.03,880,236325,414,[27],['Shounen'],"[1, 4, 9]","['Action', 'Comedy', 'Ecchi']",24 min per ep,[6],['Gainax'],3832,PG-13 - Teens 13 or older,Manga,Finished Airing,spring,103541,"[16, 104, 108, 649]","['TV Tokyo', 'Lantis', 'Media Factory', 'Hakoniwa Academy Student Council']","['anime', 'anime', 'anime', 'anime']",12,False,Thursdays,01:50,Asia/Tokyo,2012-04-05T00:00:00+00:00,2012-06-21T00:00:00+00:00,TV
36563,"{'type': 'Default', 'title': 'Megalo Box'}",7.89,405,471059,3271,[],[],"[24, 30]","['Sci-Fi', 'Sports']",24 min per ep,[73],['TMS Entertainment'],731,R - 17+ (violence & profanity),Original,Finished Airing,spring,252151,"[145, 159, 1840, 2174]","['TBS', 'Kodansha', 'Bandai Namco Arts', 'TMS Music']","['anime', 'anime', 'anime', 'anime']",13,False,Fridays,01:28,Asia/Tokyo,2018-04-06T00:00:00+00:00,2018-06-29T00:00:00+00:00,TV
21603,"{'type': 'Default', 'title': 'Mekakucity Actors'}",7.03,450,425285,3655,[],[],"[4, 24, 37]","['Comedy', 'Sci-Fi', 'Supernatural']",23 min per ep,[44],['Shaft'],3833,PG-13 - Teens 13 or older,Music,Finished Airing,spring,197514,"[17, 1117, 1211, 1416]","['Aniplex', '1st PLACE', 'Tokyo MX', 'BS11']","['anime', 'anime', 'anime', 'anime']",12,False,Sundays,00:00,Asia/Tokyo,2014-04-13T00:00:00+00:00,2014-06-29T00:00:00+00:00,TV
10620,"{'type': 'Default', 'title': 'Mirai Nikki (TV)'}",7.44,32,1883853,29732,[27],['Shounen'],"[1, 37, 41]","['Action', 'Supernatural', 'Suspense']",23 min per ep,[163],['asread.'],1913,R+ - Mild Nudity,Manga,Finished Airing,fall,1145124,"[104, 113, 211, 352, 460, 665, 713, 715, 765]","['Lantis', 'Kadokawa Shoten', 'Rakuonsha', 'Kadokawa Pictures Japan', 'KlockWorx', 'chara-ani.com', '12 Diary Holders', 'Dwango', 'Sakura Create']","['anime', 'anime', 'anime', 'anime', 'anime', 'anime', 'anime', 'anime', 'anime']",26,False,Sundays,23:00,Asia/Tokyo,2011-10-09T00:00:00+00:00,2012-04-15T00:00:00+00:00,TV
32182,"{'type': 'Default', 'title': 'Mob Psycho 100'}",8.49,33,1833072,42143,[],[],"[1, 4, 37]","['Action', 'Comedy', 'Supernatural']",24 min per ep,[4],['Bones'],128,PG-13 - Teens 13 or older,Web manga,Finished Airing,summer,1130886,"[415, 460, 843, 1333, 1430]","['Warner Bros. Japan', 'KlockWorx', 'BS Fuji', 'Hakuhodo DY Music & Pictures', 'Shogakukan']","['anime', 'anime', 'anime', 'anime', 'anime']",12,False,Tuesdays,00:00,Asia/Tokyo,2016-07-11T00:00:00+00:00,2016-09-27T00:00:00+00:00,TV
37510,"{'type': 'Default', 'title': 'Mob Psycho 100 II'}",8.81,79,1326956,30768,[],[],"[1, 4, 37]","['Action', 'Comedy', 'Supernatural']",24 min per ep,[4],['Bones'],29,PG-13 - Teens 13 or older,Web manga,Finished Airing,winter,837543,"[415, 460, 843, 1333, 1430]","['Warner Bros. Japan', 'KlockWorx', 'BS Fuji', 'Hakuhodo DY Music & Pictures', 'Shogakukan']","['anime', 'anime', 'anime', 'anime', 'anime']",13,False,Mondays,23:00,Asia/Tokyo,2019-01-07T00:00:00+00:00,2019-04-01T00:00:00+00:00,TV
17074,"{'type': 'Default', 'title': 'Monogatari Series: Second Season'}",8.77,279,627692,22754,[],[],"[4, 7, 22, 37]","['Comedy', 'Mystery', 'Romance', 'Supernatural']",25 min per ep,[44],['Shaft'],35,R - 17+ (violence & profanity),Light novel,Finished Airing,summer,336639,"[17, 159, 1099]","['Aniplex', 'Kodansha', 'Cyclone Graphics']","['anime', 'anime', 'anime']",26,False,Sundays,00:00,Asia/Tokyo,2013-07-07T00:00:00+00:00,2013-12-29T00:00:00+00:00,TV
19,"{'type': 'Default', 'title': 'Monster'}",8.85,149,915285,42138,[42],['Seinen'],"[8, 7, 41]","['Drama', 'Mystery', 'Suspense']",24 min per ep,[11],['Madhouse'],25,R+ - Mild Nudity,Manga,Finished Airing,spring,328645,"[29, 62, 1003]","['VAP', 'Shogakukan-Shueisha Productions', 'Nippon Television Network']","['anime', 'anime', 'anime']",74,False,Wednesdays,00:40,Asia/Tokyo,2004-04-07T00:00:00+00:00,2005-09-28T00:00:00+00:00,TV
30307,"{'type': 'Default', 'title': 'Monster Musume no Iru Nichijou'}",6.98,240,693742,3786,[42],['Seinen'],"[4, 10, 22, 9]","['Comedy', 'Fantasy', 'Romance', 'Ecchi']",23 min per ep,[456],['Lerche'],4045,R+ - Mild Nudity,Manga,Finished Airing,summer,403456,"[79, 101, 1143, 2229]","['Genco', 'Studio Hibari', 'TOHO animation', 'Toho Music']","['anime', 'anime', 'anime', 'anime']",12,False,Wednesdays,00:30,Asia/Tokyo,2015-07-08T00:00:00+00:00,2015-09-23T00:00:00+00:00,TV
323,"{'type': 'Default', 'title': 'Mousou Dairinin'}",7.67,522,376700,4988,[],[],"[5, 8, 7, 37, 41]","['Avant Garde', 'Drama', 'Mystery', 'Supernatural', 'Suspense']",24 min per ep,[11],['Madhouse'],1187,R+ - Mild Nudity,Original,Finished Airing,winter,146834,"[33, 517, 577]","['WOWOW', 'Asmik Ace', 'Tohokushinsha Film Corporation']","['anime', 'anime', 'anime']",13,False,Saturdays,00:00,Asia/Tokyo,2004-02-03T00:00:00+00:00,2004-05-18T00:00:00+00:00,TV
31442,"{'type': 'Default', 'title': 'Musaigen no Phantom World'}",6.86,378,499543,1217,[],[],"[1, 4, 10, 9]","['Action', 'Comedy', 'Fantasy', 'Ecchi']",24 min per ep,[2],['Kyoto Animation'],4601,PG-13 - Teens 13 or older,Light novel,Finished Airing,winter,227989,"[104, 144, 1415]","['Lantis', 'Pony Canyon', 'Asahi Broadcasting']","['anime', 'anime', 'anime']",13,False,Thursdays,00:00,Asia/Tokyo,2016-01-07T00:00:00+00:00,2016-03-31T00:00:00+00:00,TV
457,"{'type': 'Default', 'title': 'Mushishi'}",8.67,204,764834,25248,[42],['Seinen'],"[2, 10, 7, 36, 37]","['Adventure', 'Fantasy', 'Mystery', 'Slice of Life', 'Supernatural']",25 min per ep,[8],['Artland'],57,PG-13 - Teens 13 or older,Manga,Finished Airing,fall,260471,"[52, 82, 147, 711]","['Avex Entertainment', 'Marvelous', 'SKY Perfect Well Think', 'Delfi Sound']","['anime', 'anime', 'anime', 'anime']",26,False,Sundays,03:40,Asia/Tokyo,2005-10-23T00:00:00+00:00,2006-06-19T00:00:00+00:00,TV
23755,"{'type': 'Default', 'title': 'Nanatsu no Taizai'}",7.69,31,1898314,18964,[27],['Shounen'],"[1, 2, 10]","['Action', 'Adventure', 'Fantasy']",24 min per ep,[56],['A-1 Pictures'],1156,PG-13 - Teens 13 or older,Manga,Finished Airing,fall,1248305,"[17, 53, 143, 159, 166]","['Aniplex', 'Dentsu', 'Mainichi Broadcasting System', 'Kodansha', 'Movic']","['anime', 'anime', 'anime', 'anime', 'anime']",24,False,Sundays,17:00,Asia/Tokyo,2014-10-05T00:00:00+00:00,2015-03-29T00:00:00+00:00,TV
20,"{'type': 'Default', 'title': 'Naruto'}",7.98,8,2590332,72990,[27],['Shounen'],"[1, 2, 10]","['Action', 'Adventure', 'Fantasy']",23 min per ep,[1],['Pierrot'],600,PG-13 - Teens 13 or older,Manga,Finished Airing,fall,1806769,"[16, 17, 1365]","['TV Tokyo', 'Aniplex', 'Shueisha']","['anime', 'anime', 'anime']",220,False,Thursdays,19:30,Asia/Tokyo,2002-10-03T00:00:00+00:00,2007-02-08T00:00:00+00:00,TV
15689,"{'type': 'Default', 'title': 'Nekomonogatari: Kuro'}",7.93,359,519873,1182,[],[],"[4, 22, 37, 9]","['Comedy', 'Romance', 'Supernatural', 'Ecchi']",24 min per ep,[44],['Shaft'],677,R - 17+ (violence & profanity),Light novel,Finished Airing,fall,320070,"[17, 159]","['Aniplex', 'Kodansha']","['anime', 'anime']",4,False,Mondays,22:00,Asia/Tokyo,2012-12-31T00:00:00+00:00,,TV
31404,"{'type': 'Default', 'title': 'Netoge no Yome wa Onnanoko ja Nai to Omotta?'}",6.72,387,489771,1073,[],[],"[4, 22, 9]","['Comedy', 'Romance', 'Ecchi']",24 min per ep,[439],['Project No.9'],5285,PG-13 - Teens 13 or older,Light novel,Finished Airing,spring,259142,"[64, 238, 271, 315, 681, 1113, 1331, 1337, 1631]","['Sotsu', 'AT-X', 'Barnum Studio', 'DAX Production', 'ASCII Media Works', 'NBCUniversal Entertainment Japan', 'i0+', 'Medicos Entertainment', 'Radio Osaka']","['anime', 'anime', 'anime', 'anime', 'anime', 'anime', 'anime', 'anime', 'anime']",12,False,Thursdays,23:00,Asia/Tokyo,2016-04-07T00:00:00+00:00,2016-06-23T00:00:00+00:00,TV
1210,"{'type': 'Default', 'title': 'NHK ni Youkoso!'}",8.31,249,677052,24421,[],[],"[4, 8, 22]","['Comedy', 'Drama', 'Romance']",24 min per ep,[3],['Gonzo'],230,R+ - Mild Nudity,Novel,Finished Airing,summer,309965,"[111, 123]","['NHK', 'Victor Entertainment']","['anime', 'anime']",24,False,,,,2006-07-10T00:00:00+00:00,2006-12-18T00:00:00+00:00,TV
18897,"{'type': 'Default', 'title': 'Nisekoi'}",7.58,111,1088963,10559,[27],['Shounen'],"[4, 22]","['Comedy', 'Romance']",24 min per ep,[44],['Shaft'],1404,PG-13 - Teens 13 or older,Manga,Finished Airing,winter,620571,"[17, 143, 1365]","['Aniplex', 'Mainichi Broadcasting System', 'Shueisha']","['anime', 'anime', 'anime']",20,False,Saturdays,23:30,Asia/Tokyo,2014-01-11T00:00:00+00:00,2014-05-24T00:00:00+00:00,TV
19815,"{'type': 'Default', 'title': 'No Game No Life'}",8.1,15,2221455,46840,[],[],"[4, 10, 9]","['Comedy', 'Fantasy', 'Ecchi']",23 min per ep,[11],['Madhouse'],456,PG-13 - Teens 13 or older,Light novel,Finished Airing,spring,1439831,"[61, 108, 166, 238]","['Frontier Works', 'Media Factory', 'Movic', 'AT-X']","['anime', 'anime', 'anime', 'anime']",12,False,Wednesdays,21:30,Asia/Tokyo,2014-04-09T00:00:00+00:00,2014-06-25T00:00:00+00:00,TV
20507,"{'type': 'Default', 'title': 'Noragami'}",7.96,24,1998324,31834,[27],['Shounen'],"[1, 10]","['Action', 'Fantasy']",24 min per ep,[4],['Bones'],626,PG-13 - Teens 13 or older,Manga,Finished Airing,winter,1187489,"[52, 53, 109, 159, 166, 1041, 1309, 1635]","['Avex Entertainment', 'Dentsu', 'Shochiku', 'Kodansha', 'Movic', 'Ai Addiction', 'Lawson HMV Entertainment', 'A-Sketch']","['anime', 'anime', 'anime', 'anime', 'anime', 'anime', 'anime', 'anime']",12,False,Sundays,23:30,Asia/Tokyo,2014-01-05T00:00:00+00:00,2014-03-23T00:00:00+00:00,TV
30503,"{'type': 'Default', 'title': 'Noragami Aragoto'}",8.16,76,1351631,11287,[27],['Shounen'],"[1, 10]","['Action', 'Fantasy']",24 min per ep,[4],['Bones'],379,PG-13 - Teens 13 or older,Manga,Finished Airing,fall,838152,"[53, 109, 159, 1041, 1284, 1635]","['Dentsu', 'Shochiku', 'Kodansha', 'Ai Addiction', 'Avex Pictures', 'A-Sketch']","['anime', 'anime', 'anime', 'anime', 'anime', 'anime']",13,False,Saturdays,01:05,Asia/Tokyo,2015-10-03T00:00:00+00:00,2015-12-26T00:00:00+00:00,TV
46102,"{'type': 'Default', 'title': 'Odd Taxi'}",8.71,579,347429,7120,[],[],"[46, 7]","['Award Winning', 'Mystery']",23 min per ep,"[28, 1872]","['OLM', 'P.I.C.S.']",46,PG-13 - Teens 13 or older,Original,Finished Airing,spring,171463,"[16, 53, 144, 238, 1468, 1557, 2442]","['TV Tokyo', 'Dentsu', 'Pony Canyon', 'AT-X', 'Crunchyroll', 'Pony Canyon Enterprise', 'Yoshimoto Kogyo']","['anime', 'anime', 'anime', 'anime', 'anime', 'anime', 'anime']",13,False,Tuesdays,02:00,Asia/Tokyo,2021-04-06T00:00:00+00:00,2021-06-29T00:00:00+00:00,TV
21,"{'type': 'Default', 'title': 'One Piece'}",8.67,23,2007479,182687,[27],['Shounen'],"[1, 2, 10]","['Action', 'Adventure', 'Fantasy']",24 min,[18],['Toei Animation'],58,PG-13 - Teens 13 or older,Manga,Currently Airing,fall,1145951,"[169, 416, 1365]","['Fuji TV', 'TAP', 'Shueisha']","['anime', 'anime', 'anime']",,True,Sundays,09:30,Asia/Tokyo,1999-10-20T00:00:00+00:00,,TV
30276,"{'type': 'Default', 'title': 'One Punch Man'}",8.51,4,2915812,60295,[42],['Seinen'],"[1, 4]","['Action', 'Comedy']",24 min per ep,[11],['Madhouse'],117,R - 17+ (violence & profanity),Web manga,Finished Airing,fall,2042818,"[16, 23, 104, 142, 1121, 1261, 1365, 1501]","['TV Tokyo', 'Bandai Visual', 'Lantis', 'Asatsu DK', 'Banpresto', 'Good Smile Company', 'Shueisha', 'JR East Marketing & Communications']","['anime', 'anime', 'anime', 'anime', 'anime', 'anime', 'anime', 'anime']",12,False,Mondays,01:05,Asia/Tokyo,2015-10-05T00:00:00+00:00,2015-12-21T00:00:00+00:00,TV
2966,"{'type': 'Default', 'title': 'Ookami to Koushinryou'}",8.23,208,761620,17248,[],[],"[2, 10, 22]","['Adventure', 'Fantasy', 'Romance']",24 min per ep,[75],['Imagin'],306,PG-13 - Teens 13 or older,Light novel,Finished Airing,winter,370136,"[123, 144, 166, 352]","['Victor Entertainment', 'Pony Canyon', 'Movic', 'Kadokawa Pictures Japan']","['anime', 'anime', 'anime', 'anime']",13,False,Wednesdays,01:30,Asia/Tokyo,2008-01-09T00:00:00+00:00,2008-03-26T00:00:00+00:00,TV
14749,"{'type': 'Default', 'title': 'Ore no Kanojo to Osananajimi ga Shuraba Sugiru'}",6.94,365,514829,1751,[],[],"[4, 22]","['Comedy', 'Romance']",23 min per ep,[56],['A-1 Pictures'],4203,PG-13 - Teens 13 or older,Light novel,Finished Airing,winter,273382,"[17, 306, 621]","['Aniplex', 'Magic Capsule', 'SoftBank Creative']","['anime', 'anime', 'anime']",13,False,Sundays,00:00,Asia/Tokyo,2013-01-06T00:00:00+00:00,2013-03-31T00:00:00+00:00,TV
853,"{'type': 'Default', 'title': 'Ouran Koukou Host Club'}",8.16,121,1041737,32039,[25],['Shoujo'],"[4, 22]","['Comedy', 'Romance']",23 min per ep,[4],['Bones'],380,PG-13 - Teens 13 or older,Manga,Finished Airing,spring,634236,"[29, 148, 1003]","['VAP', 'Hakusensha', 'Nippon Television Network']","['anime', 'anime', 'anime']",26,False,Wednesdays,00:50,Asia/Tokyo,2006-04-05T00:00:00+00:00,2006-09-27T00:00:00+00:00,TV
29803,"{'type': 'Default', 'title': 'Overlord'}",7.92,68,1427785,23930,[],[],"[1, 2, 10]","['Action', 'Adventure', 'Fantasy']",24 min per ep,[11],['Madhouse'],683,R - 17+ (violence & profanity),Light novel,Finished Airing,summer,860191,"[238, 1254, 1333, 1696]","['AT-X', 'Grooove', 'Hakuhodo DY Music & Pictures', 'Kadokawa']","['anime', 'anime', 'anime', 'anime']",13,False,Tuesdays,23:00,Asia/Tokyo,2015-07-07T00:00:00+00:00,2015-09-29T00:00:00+00:00,TV
26243,"{'type': 'Default', 'title': 'Owari no Seraph'}",7.49,90,1216837,12886,[27],['Shounen'],"[1, 8, 37]","['Action', 'Drama', 'Supernatural']",23 min per ep,[858],['Wit Studio'],1732,R - 17+ (violence & profanity),Manga,Finished Airing,spring,670263,"[211, 1113, 1365]","['Rakuonsha', 'NBCUniversal Entertainment Japan', 'Shueisha']","['anime', 'anime', 'anime']",12,False,Saturdays,22:00,Asia/Tokyo,2015-04-04T00:00:00+00:00,2015-06-20T00:00:00+00:00,TV
28927,"{'type': 'Default', 'title': 'Owari no Seraph: Nagoya Kessen-hen'}",7.62,231,721905,2828,[27],['Shounen'],"[1, 8, 37]","['Action', 'Drama', 'Supernatural']",23 min per ep,[858],['Wit Studio'],1312,R - 17+ (violence & profanity),Manga,Finished Airing,fall,434138,"[1113, 1365]","['NBCUniversal Entertainment Japan', 'Shueisha']","['anime', 'anime']",12,False,Saturdays,22:00,Asia/Tokyo,2015-10-10T00:00:00+00:00,2015-12-26T00:00:00+00:00,TV
5530,"{'type': 'Default', 'title': 'Pandora Hearts'}",7.67,468,411704,5094,[27],['Shounen'],"[2, 10, 7, 37]","['Adventure', 'Fantasy', 'Mystery', 'Supernatural']",24 min per ep,[27],['Xebec'],1205,PG-13 - Teens 13 or older,Manga,Finished Airing,spring,169070,"[58, 145, 464]","['Square Enix', 'TBS', 'flying DOG']","['anime', 'anime', 'anime']",25,False,Fridays,01:29,Asia/Tokyo,2009-04-03T00:00:00+00:00,2009-09-25T00:00:00+00:00,TV
5682,"{'type': 'Default', 'title': 'Phantom: Requiem for the Phantom'}",7.96,641,316952,4374,[42],['Seinen'],"[1, 8, 41]","['Action', 'Drama', 'Suspense']",24 min per ep,[5],['Bee Train'],633,R+ - Mild Nudity,Visual novel,Finished Airing,spring,121089,[79],['Genco'],['anime'],26,False,Fridays,02:15,Asia/Tokyo,2009-04-03T00:00:00+00:00,2009-09-25T00:00:00+00:00,TV
27775,"{'type': 'Default', 'title': 'Plastic Memories'}",7.91,164,864209,11136,[],[],"[8, 22, 24]","['Drama', 'Romance', 'Sci-Fi']",24 min per ep,[95],['Doga Kobo'],707,PG-13 - Teens 13 or older,Original,Finished Airing,spring,437191,"[17, 166, 238, 681, 775, 963, 1415, 1416]","['Aniplex', 'Movic', 'AT-X', 'ASCII Media Works', 'Bushiroad', 'MAGES.', 'Asahi Broadcasting', 'BS11']","['anime', 'anime', 'anime', 'anime', 'anime', 'anime', 'anime', 'anime']",13,False,Sundays,00:30,Asia/Tokyo,2015-04-05T00:00:00+00:00,2015-06-28T00:00:00+00:00,TV
30240,"{'type': 'Default', 'title': 'Prison School'}",7.62,148,924274,6827,[42],['Seinen'],"[4, 22, 9]","['Comedy', 'Romance', 'Ecchi']",24 min per ep,[7],['J.C.Staff'],1335,R+ - Mild Nudity,Manga,Finished Airing,summer,551125,"[79, 159, 166, 415, 460, 777]","['Genco', 'Kodansha', 'Movic', 'Warner Bros. Japan', 'KlockWorx', 'Showgate']","['anime', 'anime', 'anime', 'anime', 'anime', 'anime']",12,False,Saturdays,01:05,Asia/Tokyo,2015-07-11T00:00:00+00:00,2015-09-26T00:00:00+00:00,TV
31240,"{'type': 'Default', 'title': 'Re:Zero kara Hajimeru Isekai Seikatsu'}",8.24,25,1997255,62819,[],[],"[8, 10, 41]","['Drama', 'Fantasy', 'Suspense']",25 min per ep,[314],['White Fox'],299,R - 17+ (violence & profanity),Light novel,Finished Airing,spring,1295091,"[16, 108, 113, 238, 306, 647, 1333]","['TV Tokyo', 'Media Factory', 'Kadokawa Shoten', 'AT-X', 'Magic Capsule', 'Memory-Tech', 'Hakuhodo DY Music & Pictures']","['anime', 'anime', 'anime', 'anime', 'anime', 'anime', 'anime']",25,False,Mondays,01:05,Asia/Tokyo,2016-04-04T00:00:00+00:00,2016-09-19T00:00:00+00:00,TV
39587,"{'type': 'Default', 'title': 'Re:Zero kara Hajimeru Isekai Seikatsu 2nd Season'}",8.36,135,979492,10985,[],[],"[8, 10, 41]","['Drama', 'Fantasy', 'Suspense']",27 min per ep,[314],['White Fox'],196,R - 17+ (violence & profanity),Light novel,Finished Airing,summer,563583,"[238, 647, 1333, 1551, 1696]","['AT-X', 'Memory-Tech', 'Hakuhodo DY Music & Pictures', 'Kadokawa Media House', 'Kadokawa']","['anime', 'anime', 'anime', 'anime', 'anime']",13,False,Wednesdays,22:30,Asia/Tokyo,2020-07-08T00:00:00+00:00,2020-09-30T00:00:00+00:00,TV
30015,"{'type': 'Default', 'title': 'ReLIFE'}",7.98,145,944093,9394,[],[],"[8, 22, 36]","['Drama', 'Romance', 'Slice of Life']",23 min per ep,[73],['TMS Entertainment'],603,PG-13 - Teens 13 or older,Web manga,Finished Airing,summer,531899,"[17, 213, 1481, 1488, 1496, 1497, 2174]","['Aniplex', 'Half H.P Studio', 'comico', 'Hakuhodo DY Media Partners', 'Lawson', 'C & I entertainment', 'TMS Music']","['anime', 'anime', 'anime', 'anime', 'anime', 'anime', 'anime']",13,False,Saturdays,00:00,Asia/Tokyo,2016-07-02T00:00:00+00:00,2016-09-24T00:00:00+00:00,TV
2993,"{'type': 'Default', 'title': 'Rosario to Vampire'}",6.76,274,645013,3322,[27],['Shounen'],"[4, 10, 22, 9]","['Comedy', 'Fantasy', 'Romance', 'Ecchi']",25 min per ep,[3],['Gonzo'],5081,R+ - Mild Nudity,Manga,Finished Airing,winter,379141,"[42, 127, 787, 1175, 1365, 1597, 2135]","['GDH', 'Yomiko Advertising', 'Happinet Pictures', 'Atelier Musa', 'Shueisha', 'Sotsu Music Publishing', 'Imagine']","['anime', 'anime', 'anime', 'anime', 'anime', 'anime', 'anime']",13,False,Thursdays,23:30,Asia/Tokyo,2008-01-03T00:00:00+00:00,2008-03-27T00:00:00+00:00,TV
30727,"{'type': 'Default', 'title': 'Saenai Heroine no Sodatekata ♭'}",7.77,608,334623,1631,[],[],"[4, 22, 9]","['Comedy', 'Romance', 'Ecchi']",22 min per ep,[56],['A-1 Pictures'],958,PG-13 - Teens 13 or older,Light novel,Finished Airing,spring,172174,"[17, 53, 169, 619, 1261, 1412, 1664]","['Aniplex', 'Dentsu', 'Fuji TV', 'Cospa', 'Good Smile Company', 'Kansai Telecasting', 'Fujimi Shobo']","['anime', 'anime', 'anime', 'anime', 'anime', 'anime', 'anime']",11,False,Fridays,00:55,Asia/Tokyo,2017-04-14T00:00:00+00:00,2017-06-23T00:00:00+00:00,TV
30749,"{'type': 'Default', 'title': 'Saijaku Muhai no Bahamut'}",6.55,542,364921,972,[],[],"[1, 10, 22, 9]","['Action', 'Fantasy', 'Romance', 'Ecchi']",23 min per ep,[456],['Lerche'],6197,PG-13 - Teens 13 or older,Light novel,Finished Airing,winter,186462,"[104, 1109]","['Lantis', 'Orange']","['anime', 'anime']",12,False,Mondays,22:30,Asia/Tokyo,2016-01-11T00:00:00+00:00,2016-03-28T00:00:00+00:00,TV
33255,"{'type': 'Default', 'title': 'Saiki Kusuo no Ψ-nan'}",8.42,139,972478,26156,[27],['Shounen'],"[4, 37]","['Comedy', 'Supernatural']",5 min per ep,"[7, 1444]","['J.C.Staff', 'Egg Firm']",159,PG-13 - Teens 13 or older,Manga,Finished Airing,summer,545506,"[16, 62, 144, 323, 460, 517, 1233, 1365, 1390, 1803]","['TV Tokyo', 'Shogakukan-Shueisha Productions', 'Pony Canyon', 'Nippon Columbia', 'KlockWorx', 'Asmik Ace', 'Bandai Namco Entertainment', 'Shueisha', ""Toy's Factory"", 'Dear Stage inc.']","['anime', 'anime', 'anime', 'anime', 'anime', 'anime', 'anime', 'anime', 'anime', 'anime']",120,False,,,,2016-07-04T00:00:00+00:00,2016-12-26T00:00:00+00:00,TV
34612,"{'type': 'Default', 'title': 'Saiki Kusuo no Ψ-nan 2'}",8.43,331,569674,3962,[27],['Shounen'],"[4, 37]","['Comedy', 'Supernatural']",24 min per ep,"[7, 1444]","['J.C.Staff', 'Egg Firm']",158,PG-13 - Teens 13 or older,Manga,Finished Airing,winter,341387,"[16, 62, 323, 460, 517, 1233, 1365, 1390, 1803]","['TV Tokyo', 'Shogakukan-Shueisha Productions', 'Nippon Columbia', 'KlockWorx', 'Asmik Ace', 'Bandai Namco Entertainment', 'Shueisha', ""Toy's Factory"", 'Dear Stage inc.']","['anime', 'anime', 'anime', 'anime', 'anime', 'anime', 'anime', 'anime', 'anime']",24,False,Wednesdays,01:35,Asia/Tokyo,2018-01-17T00:00:00+00:00,2018-06-27T00:00:00+00:00,TV
32542,"{'type': 'Default', 'title': 'Sakamoto desu ga?'}",7.56,235,709357,2456,[42],['Seinen'],[4],['Comedy'],24 min per ep,[37],['Studio Deen'],1503,PG-13 - Teens 13 or older,Manga,Finished Airing,spring,361843,"[113, 145, 315, 1215, 1344, 1589]","['Kadokawa Shoten', 'TBS', 'DAX Production', 'Daiichikosho', 'King Records', 'NichiNare']","['anime', 'anime', 'anime', 'anime', 'anime', 'anime']",12,False,Fridays,02:28,Asia/Tokyo,2016-04-08T00:00:00+00:00,2016-07-01T00:00:00+00:00,TV
205,"{'type': 'Default', 'title': 'Samurai Champloo'}",8.5,102,1139681,34690,[],[],"[1, 2, 4]","['Action', 'Adventure', 'Comedy']",24 min per ep,[32],['Manglobe'],124,R - 17+ (violence & profanity),Original,Finished Airing,spring,591958,"[123, 169, 271, 382, 464]","['Victor Entertainment', 'Fuji TV', 'Barnum Studio', 'Tokuma Shoten', 'flying DOG']","['anime', 'anime', 'anime', 'anime', 'anime']",26,False,Saturdays,10:30,Asia/Tokyo,2004-05-20T00:00:00+00:00,2005-03-19T00:00:00+00:00,TV
11499,"{'type': 'Default', 'title': 'Sankarea'}",7.29,327,572248,2519,[27],['Shounen'],"[4, 14, 22, 37, 9]","['Comedy', 'Horror', 'Romance', 'Supernatural', 'Ecchi']",24 min per ep,[37],['Studio Deen'],2577,R+ - Mild Nudity,Manga,Finished Airing,spring,297212,"[104, 144, 145, 159, 693]","['Lantis', 'Pony Canyon', 'TBS', 'Kodansha', 'BS-TBS']","['anime', 'anime', 'anime', 'anime', 'anime']",12,False,Fridays,01:55,Asia/Tokyo,2012-04-06T00:00:00+00:00,2012-06-29T00:00:00+00:00,TV
2476,"{'type': 'Default', 'title': 'School Days'}",5.54,285,624276,3062,[],[],"[8, 22]","['Drama', 'Romance']",25 min per ep,[120],['TNK'],11158,R+ - Mild Nudity,Visual novel,Finished Airing,summer,377267,"[52, 82, 104, 144]","['Avex Entertainment', 'Marvelous', 'Lantis', 'Pony Canyon']","['anime', 'anime', 'anime', 'anime']",12,False,Wednesdays,02:15,Asia/Tokyo,2007-07-04T00:00:00+00:00,2007-09-27T00:00:00+00:00,TV
22877,"{'type': 'Default', 'title': 'Seireitsukai no Blade Dance'}",6.71,590,342166,884,[],[],"[1, 4, 10, 22, 9]","['Action', 'Comedy', 'Fantasy', 'Romance', 'Ecchi']",23 min per ep,[120],['TNK'],5341,PG-13 - Teens 13 or older,Light novel,Finished Airing,summer,177640,"[79, 108, 166, 238, 777]","['Genco', 'Media Factory', 'Movic', 'AT-X', 'Showgate']","['anime', 'anime', 'anime', 'anime', 'anime']",12,False,Mondays,20:30,Asia/Tokyo,2014-07-14T00:00:00+00:00,2014-09-29T00:00:00+00:00,TV
37450,"{'type': 'Default', 'title': 'Seishun Buta Yarou wa Bunny Girl Senpai no Yume wo Minai'}",8.26,53,1540708,43361,[],[],"[4, 8, 22, 37]","['Comedy', 'Drama', 'Romance', 'Supernatural']",24 min per ep,[1835],['CloverWorks'],278,PG-13 - Teens 13 or older,Light novel,Finished Airing,fall,986191,"[17, 1211, 1333, 1366, 1416, 1500, 1696]","['Aniplex', 'Tokyo MX', 'Hakuhodo DY Music & Pictures', 'Nagoya Broadcasting Network', 'BS11', 'ABC Animation', 'Kadokawa']","['anime', 'anime', 'anime', 'anime', 'anime', 'anime', 'anime']",13,False,Thursdays,02:20,Asia/Tokyo,2018-10-04T00:00:00+00:00,2018-12-27T00:00:00+00:00,TV
20847,"{'type': 'Default', 'title': 'Seitokai Yakuindomo*'}",7.69,872,239577,565,[27],['Shounen'],[4],['Comedy'],23 min per ep,[309],['GoHands'],1149,R - 17+ (violence & profanity),4-koma manga,Finished Airing,winter,118283,[92],['Starchild Records'],['anime'],13,False,,,,2014-01-04T00:00:00+00:00,2014-03-30T00:00:00+00:00,TV
355,"{'type': 'Default', 'title': 'Shakugan no Shana'}",7.46,366,514696,4942,[],[],"[1, 8, 10, 22]","['Action', 'Drama', 'Fantasy', 'Romance']",24 min per ep,[7],['J.C.Staff'],1830,PG-13 - Teens 13 or older,Light novel,Finished Airing,fall,250395,"[31, 681, 741, 745, 777]","['Geneon Universal Entertainment', 'ASCII Media Works', 'Toshiba Entertainment', 'Cosmic Ray', 'Showgate']","['anime', 'anime', 'anime', 'anime', 'anime']",24,False,Thursdays,00:45,Asia/Tokyo,2005-10-06T00:00:00+00:00,2006-03-23T00:00:00+00:00,TV
23273,"{'type': 'Default', 'title': 'Shigatsu wa Kimi no Uso'}",8.66,22,2012822,81274,[27],['Shounen'],"[8, 22]","['Drama', 'Romance']",22 min per ep,[56],['A-1 Pictures'],62,PG-13 - Teens 13 or older,Manga,Finished Airing,fall,1237399,"[17, 53, 159, 169, 1309, 1411, 1412]","['Aniplex', 'Dentsu', 'Kodansha', 'Fuji TV', 'Lawson HMV Entertainment', 'Kyoraku Industrial Holdings', 'Kansai Telecasting']","['anime', 'anime', 'anime', 'anime', 'anime', 'anime', 'anime']",22,False,Fridays,01:20,Asia/Tokyo,2014-10-10T00:00:00+00:00,2015-03-20T00:00:00+00:00,TV
16498,"{'type': 'Default', 'title': 'Shingeki no Kyojin'}",8.53,1,3567467,157342,[27],['Shounen'],"[1, 46, 8, 41]","['Action', 'Award Winning', 'Drama', 'Suspense']",24 min per ep,[858],['Wit Studio'],109,R - 17+ (violence & profanity),Manga,Finished Airing,spring,2548797,"[10, 53, 143, 144, 159, 430, 1557]","['Production I.G', 'Dentsu', 'Mainichi Broadcasting System', 'Pony Canyon', 'Kodansha', 'Mad Box', 'Pony Canyon Enterprise']","['anime', 'anime', 'anime', 'anime', 'anime', 'anime', 'anime']",25,False,Sundays,01:58,Asia/Tokyo,2013-04-07T00:00:00+00:00,2013-09-29T00:00:00+00:00,TV
19285,"{'type': 'Default', 'title': 'Shingeki no Kyojin: Ano Hi Kara'}",7.32,1489,129674,327,[27],['Shounen'],"[1, 8]","['Action', 'Drama']",24 min,[858],['Wit Studio'],2414,R - 17+ (violence & profanity),Manga,Finished Airing,,64334,"[10, 53, 143, 144, 159, 1557]","['Production I.G', 'Dentsu', 'Mainichi Broadcasting System', 'Pony Canyon', 'Kodansha', 'Pony Canyon Enterprise']","['anime', 'anime', 'anime', 'anime', 'anime', 'anime']",1,False,,,,2013-07-07T00:00:00+00:00,,Special
13125,"{'type': 'Default', 'title': 'Shinsekai yori'}",8.3,228,734590,21452,[],[],"[8, 14, 7, 24, 37]","['Drama', 'Horror', 'Mystery', 'Sci-Fi', 'Supernatural']",22 min per ep,[56],['A-1 Pictures'],235,R - 17+ (violence & profanity),Novel,Finished Airing,fall,264207,"[17, 55, 144]","['Aniplex', 'TV Asahi', 'Pony Canyon']","['anime', 'anime', 'anime']",25,False,Saturdays,00:30,Asia/Tokyo,2012-09-29T00:00:00+00:00,2013-03-23T00:00:00+00:00,TV
28171,"{'type': 'Default', 'title': 'Shokugeki no Souma'}",8.17,55,1526856,23219,[27],['Shounen'],"[47, 9]","['Gourmet', 'Ecchi']",25 min per ep,[7],['J.C.Staff'],376,PG-13 - Teens 13 or older,Manga,Finished Airing,spring,938150,"[53, 61, 143, 306, 415, 460, 777, 1365, 1605]","['Dentsu', 'Frontier Works', 'Mainichi Broadcasting System', 'Magic Capsule', 'Warner Bros. Japan', 'KlockWorx', 'Showgate', 'Shueisha', 'I Will']","['anime', 'anime', 'anime', 'anime', 'anime', 'anime', 'anime', 'anime', 'anime']",24,False,Saturdays,02:25,Asia/Tokyo,2015-04-04T00:00:00+00:00,2015-09-26T00:00:00+00:00,TV
32282,"{'type': 'Default', 'title': 'Shokugeki no Souma: Ni no Sara'}",8.1,118,1055970,3027,[27],['Shounen'],"[47, 9]","['Gourmet', 'Ecchi']",24 min per ep,[7],['J.C.Staff'],459,PG-13 - Teens 13 or older,Manga,Finished Airing,summer,677698,"[53, 104, 143, 460, 777, 1365]","['Dentsu', 'Lantis', 'Mainichi Broadcasting System', 'KlockWorx', 'Showgate', 'Shueisha']","['anime', 'anime', 'anime', 'anime', 'anime', 'anime']",13,False,Saturdays,22:00,Asia/Tokyo,2016-07-02T00:00:00+00:00,2016-09-24T00:00:00+00:00,TV
22101,"{'type': 'Default', 'title': 'Soredemo Sekai wa Utsukushii'}",7.61,722,287400,1877,[25],['Shoujo'],"[2, 10, 22]","['Adventure', 'Fantasy', 'Romance']",22 min per ep,[1],['Pierrot'],1348,PG-13 - Teens 13 or older,Manga,Finished Airing,spring,133359,"[29, 148, 1003]","['VAP', 'Hakusensha', 'Nippon Television Network']","['anime', 'anime', 'anime']",12,False,,,,2014-04-06T00:00:00+00:00,2014-06-29T00:00:00+00:00,TV
3588,"{'type': 'Default', 'title': 'Soul Eater'}",7.84,59,1510285,25075,[27],['Shounen'],"[1, 4, 10]","['Action', 'Comedy', 'Fantasy']",23 min per ep,[4],['Bones'],824,PG-13 - Teens 13 or older,Manga,Finished Airing,spring,795110,"[16, 17, 53, 108]","['TV Tokyo', 'Aniplex', 'Dentsu', 'Media Factory']","['anime', 'anime', 'anime', 'anime']",51,False,Mondays,18:00,Asia/Tokyo,2008-04-07T00:00:00+00:00,2009-03-30T00:00:00+00:00,TV
32105,"{'type': 'Default', 'title': 'Sousei no Onmyouji'}",7.3,403,473923,2815,[27],['Shounen'],"[1, 10, 22]","['Action', 'Fantasy', 'Romance']",24 min per ep,[1],['Pierrot'],2514,PG-13 - Teens 13 or older,Manga,Finished Airing,spring,200842,"[16, 139, 717, 1284, 1365]","['TV Tokyo', 'Nihon Ad Systems', 'TV Tokyo Music', 'Avex Pictures', 'Shueisha']","['anime', 'anime', 'anime', 'anime', 'anime']",50,False,Wednesdays,18:25,Asia/Tokyo,2016-04-06T00:00:00+00:00,2017-03-29T00:00:00+00:00,TV
9253,"{'type': 'Default', 'title': 'Steins;Gate'}",9.08,13,2326907,176733,[],[],"[8, 24, 41]","['Drama', 'Sci-Fi', 'Suspense']",24 min per ep,[314],['White Fox'],4,PG-13 - Teens 13 or older,Visual novel,Finished Airing,spring,1282739,"[61, 108, 166, 238, 352, 459]","['Frontier Works', 'Media Factory', 'Movic', 'AT-X', 'Kadokawa Pictures Japan', 'Nitroplus']","['anime', 'anime', 'anime', 'anime', 'anime', 'anime']",24,False,Wednesdays,02:05,Asia/Tokyo,2011-04-06T00:00:00+00:00,2011-09-14T00:00:00+00:00,TV
18277,"{'type': 'Default', 'title': 'Strike the Blood'}",7.05,303,602751,2204,[],[],"[1, 10, 37, 9]","['Action', 'Fantasy', 'Supernatural', 'Ecchi']",24 min per ep,"[300, 957]","['SILVER LINK.', 'Connect']",3754,R+ - Mild Nudity,Light novel,Finished Airing,fall,298623,"[166, 238, 415, 460, 681, 777]","['Movic', 'AT-X', 'Warner Bros. Japan', 'KlockWorx', 'ASCII Media Works', 'Showgate']","['anime', 'anime', 'anime', 'anime', 'anime', 'anime']",24,False,Fridays,23:30,Asia/Tokyo,2013-10-04T00:00:00+00:00,2014-03-28T00:00:00+00:00,TV
11757,"{'type': 'Default', 'title': 'Sword Art Online'}",7.2,5,2840774,65486,[],[],"[1, 2, 10, 22]","['Action', 'Adventure', 'Fantasy', 'Romance']",23 min per ep,[56],['A-1 Pictures'],3040,PG-13 - Teens 13 or older,Light novel,Finished Airing,summer,2007585,"[17, 79, 315, 681, 1097]","['Aniplex', 'Genco', 'DAX Production', 'ASCII Media Works', 'Bandai Namco Games']","['anime', 'anime', 'anime', 'anime', 'anime']",25,False,Sundays,00:00,Asia/Tokyo,2012-07-08T00:00:00+00:00,2012-12-23T00:00:00+00:00,TV
2001,"{'type': 'Default', 'title': 'Tengen Toppa Gurren Lagann'}",8.63,62,1493972,73955,[],[],"[1, 2, 46, 4, 24]","['Action', 'Adventure', 'Award Winning', 'Comedy', 'Sci-Fi']",24 min per ep,[6],['Gainax'],72,PG-13 - Teens 13 or older,Original,Finished Airing,spring,842530,"[16, 17, 53, 85, 213, 230]","['TV Tokyo', 'Aniplex', 'Dentsu', 'Konami', 'Half H.P Studio', 'Bandai']","['anime', 'anime', 'anime', 'anime', 'anime', 'anime']",27,False,Sundays,08:30,Asia/Tokyo,2007-04-01T00:00:00+00:00,2007-09-30T00:00:00+00:00,TV
37430,"{'type': 'Default', 'title': 'Tensei shitara Slime Datta Ken'}",8.14,89,1238565,25626,[],[],"[1, 2, 4, 10]","['Action', 'Adventure', 'Comedy', 'Fantasy']",23 min per ep,[441],['8bit'],414,PG-13 - Teens 13 or older,Manga,Finished Airing,fall,761289,"[104, 159, 1416, 1840, 1896]","['Lantis', 'Kodansha', 'BS11', 'Bandai Namco Arts', 'Micro Magazine Publishing']","['anime', 'anime', 'anime', 'anime', 'anime']",24,False,Tuesdays,00:00,Asia/Tokyo,2018-10-02T00:00:00+00:00,2019-03-19T00:00:00+00:00,TV
26,"{'type': 'Default', 'title': 'Texhnolyze'}",7.76,910,228382,4530,[],[],"[1, 8, 24]","['Action', 'Drama', 'Sci-Fi']",23 min per ep,[11],['Madhouse'],983,R+ - Mild Nudity,Original,Finished Airing,spring,52884,"[86, 160, 169, 204]","['Group TAC', 'Rondo Robe', 'Fuji TV', 'Pioneer LDC']","['anime', 'anime', 'anime', 'anime']",22,False,Thursdays,03:28,Asia/Tokyo,2003-04-17T00:00:00+00:00,2003-09-25T00:00:00+00:00,TV
22319,"{'type': 'Default', 'title': 'Tokyo Ghoul'}",7.79,9,2585047,47831,[42],['Seinen'],"[1, 10, 14]","['Action', 'Fantasy', 'Horror']",24 min per ep,[1],['Pierrot'],918,R - 17+ (violence & profanity),Manga,Finished Airing,summer,1726795,"[751, 1283, 1365]","['Marvelous AQL', 'TC Entertainment', 'Shueisha']","['anime', 'anime', 'anime']",12,False,Fridays,00:00,Asia/Tokyo,2014-07-04T00:00:00+00:00,2014-09-19T00:00:00+00:00,TV
4224,"{'type': 'Default', 'title': 'Toradora!'}",8.1,20,2041608,54433,[],[],"[8, 22]","['Drama', 'Romance']",24 min per ep,[7],['J.C.Staff'],461,PG-13 - Teens 13 or older,Light novel,Finished Airing,fall,1285491,"[79, 92, 306, 675, 717]","['Genco', 'Starchild Records', 'Magic Capsule', 'Yomiuri Advertising', 'TV Tokyo Music']","['anime', 'anime', 'anime', 'anime', 'anime']",25,False,Thursdays,01:20,Asia/Tokyo,2008-10-02T00:00:00+00:00,2009-03-26T00:00:00+00:00,TV
6,"{'type': 'Default', 'title': 'Trigun'}",8.22,245,684844,13920,[27],['Shounen'],"[1, 2, 4, 8, 24]","['Action', 'Adventure', 'Comedy', 'Drama', 'Sci-Fi']",24 min per ep,[11],['Madhouse'],319,PG-13 - Teens 13 or older,Manga,Finished Airing,spring,338774,[123],['Victor Entertainment'],['anime'],26,False,Thursdays,01:15,Asia/Tokyo,1998-04-01T00:00:00+00:00,1998-09-30T00:00:00+00:00,TV
25157,"{'type': 'Default', 'title': 'Trinity Seven'}",7.07,199,776751,3703,[27],['Shounen'],"[1, 4, 10, 22, 9]","['Action', 'Comedy', 'Fantasy', 'Romance', 'Ecchi']",24 min per ep,[1569],['Seven Arcs Pictures'],3648,PG-13 - Teens 13 or older,Manga,Finished Airing,fall,433269,"[16, 64, 107, 113, 238, 719, 1284, 1287, 1334, 1576]","['TV Tokyo', 'Sotsu', 'Plum', 'Kadokawa Shoten', 'AT-X', 'Studio Mausu', 'Avex Pictures', 'Q-Tec', 'Docomo Anime Store', 'DeNA']","['anime', 'anime', 'anime', 'anime', 'anime', 'anime', 'anime', 'anime', 'anime', 'anime']",12,False,Wednesdays,01:40,Asia/Tokyo,2014-10-08T00:00:00+00:00,2014-12-24T00:00:00+00:00,TV
2129,"{'type': 'Default', 'title': 'True Tears'}",7.3,990,208682,884,[],[],"[8, 22]","['Drama', 'Romance']",24 min per ep,[132],['P.A. Works'],2496,PG-13 - Teens 13 or older,Original,Finished Airing,winter,98325,"[23, 104]","['Bandai Visual', 'Lantis']","['anime', 'anime']",13,False,Sundays,01:00,Asia/Tokyo,2008-01-06T00:00:00+00:00,2008-03-30T00:00:00+00:00,TV
16742,"{'type': 'Default', 'title': 'Watashi ga Motenai no wa Dou Kangaetemo Omaera ga Warui!'}",7,295,610956,5177,[],[],[4],['Comedy'],24 min per ep,[300],['SILVER LINK.'],4010,PG-13 - Teens 13 or older,Web manga,Finished Airing,summer,321113,"[16, 108, 135, 238, 315, 737, 775, 1261, 1589]","['TV Tokyo', 'Media Factory', 'MediaNet', 'AT-X', 'DAX Production', 'Sony Music Communications', 'Bushiroad', 'Good Smile Company', 'NichiNare']","['anime', 'anime', 'anime', 'anime', 'anime', 'anime', 'anime', 'anime', 'anime']",12,False,Tuesdays,02:05,Asia/Tokyo,2013-07-09T00:00:00+00:00,2013-09-24T00:00:00+00:00,TV
14813,"{'type': 'Default', 'title': 'Yahari Ore no Seishun Love Comedy wa Machigatteiru.'}",8.01,83,1305511,27129,[],[],"[4, 22]","['Comedy', 'Romance']",24 min per ep,[112],"[""Brain's Base""]",574,PG-13 - Teens 13 or older,Light novel,Finished Airing,spring,784545,"[31, 145, 711, 751, 1175]","['Geneon Universal Entertainment', 'TBS', 'Delfi Sound', 'Marvelous AQL', 'Atelier Musa']","['anime', 'anime', 'anime', 'anime', 'anime']",13,False,Fridays,01:28,Asia/Tokyo,2013-04-05T00:00:00+00:00,2013-06-28T00:00:00+00:00,TV
23847,"{'type': 'Default', 'title': 'Yahari Ore no Seishun Love Comedy wa Machigatteiru. Zoku'}",8.22,141,968343,15540,[],[],"[4, 22]","['Comedy', 'Romance']",24 min per ep,[91],['feel.'],320,PG-13 - Teens 13 or older,Light novel,Finished Airing,spring,632623,"[145, 751, 1113]","['TBS', 'Marvelous AQL', 'NBCUniversal Entertainment Japan']","['anime', 'anime', 'anime']",13,False,Fridays,01:28,Asia/Tokyo,2015-04-03T00:00:00+00:00,2015-06-26T00:00:00+00:00,TV
37779,"{'type': 'Default', 'title': 'Yakusoku no Neverland'}",8.53,38,1771195,31641,[27],['Shounen'],"[7, 24, 41]","['Mystery', 'Sci-Fi', 'Suspense']",22 min per ep,[1835],['CloverWorks'],111,R - 17+ (violence & profanity),Manga,Finished Airing,winter,1164243,"[17, 53, 169, 1365, 1901]","['Aniplex', 'Dentsu', 'Fuji TV', 'Shueisha', 'CA-Cygames Anime Fund']","['anime', 'anime', 'anime', 'anime', 'anime']",12,False,Fridays,00:55,Asia/Tokyo,2019-01-10T00:00:00+00:00,2019-03-29T00:00:00+00:00,TV
28677,"{'type': 'Default', 'title': 'Yamada-kun to 7-nin no Majo'}",7.56,230,723031,3904,[27],['Shounen'],"[4, 7, 22, 37]","['Comedy', 'Mystery', 'Romance', 'Supernatural']",24 min per ep,[839],['LIDENFILMS'],1489,PG-13 - Teens 13 or older,Manga,Finished Airing,spring,413889,"[53, 61, 159, 211, 539, 647, 1215, 1309, 1313, 1449, 1635]","['Dentsu', 'Frontier Works', 'Kodansha', 'Rakuonsha', 'Ultra Super Pictures', 'Memory-Tech', 'Daiichikosho', 'Lawson HMV Entertainment', 'Amuse', 'Animatic', 'A-Sketch']","['anime', 'anime', 'anime', 'anime', 'anime', 'anime', 'anime', 'anime', 'anime', 'anime', 'anime']",12,False,Sundays,23:30,Asia/Tokyo,2015-04-12T00:00:00+00:00,2015-06-28T00:00:00+00:00,TV
32615,"{'type': 'Default', 'title': 'Youjo Senki'}",7.97,178,819216,11138,[],[],"[1, 10]","['Action', 'Fantasy']",24 min per ep,[1567],['Nut'],622,R - 17+ (violence & profanity),Light novel,Finished Airing,winter,450555,"[108, 238, 392, 737]","['Media Factory', 'AT-X', 'Enterbrain', 'Sony Music Communications']","['anime', 'anime', 'anime', 'anime']",12,False,Fridays,22:00,Asia/Tokyo,2017-01-06T00:00:00+00:00,2017-03-31T00:00:00+00:00,TV
23283,"{'type': 'Default', 'title': 'Zankyou no Terror'}",8.1,116,1065931,20796,[],[],"[7, 41]","['Mystery', 'Suspense']",22 min per ep,[569],['MAPPA'],453,R - 17+ (violence & profanity),Original,Finished Airing,summer,571317,"[17, 53, 169, 577, 1411]","['Aniplex', 'Dentsu', 'Fuji TV', 'Tohokushinsha Film Corporation', 'Kyoraku Industrial Holdings']","['anime', 'anime', 'anime', 'anime', 'anime']",11,False,Fridays,00:50,Asia/Tokyo,2014-07-11T00:00:00+00:00,2014-09-26T00:00:00+00:00,TV
1195,"{'type': 'Default', 'title': 'Zero no Tsukaima'}",7.24,202,769052,7711,[],[],"[1, 2, 4, 10, 22, 9]","['Action', 'Adventure', 'Comedy', 'Fantasy', 'Romance', 'Ecchi']",23 min per ep,[7],['J.C.Staff'],2829,PG-13 - Teens 13 or older,Light novel,Finished Airing,summer,441150,"[79, 108, 109, 775, 787]","['Genco', 'Media Factory', 'Shochiku', 'Bushiroad', 'Happinet Pictures']","['anime', 'anime', 'anime', 'anime', 'anime']",13,False,Mondays,00:30,Asia/Tokyo,2006-07-03T00:00:00+00:00,2006-09-25T00:00:00+00:00,TV
11319,"{'type': 'Default', 'title': 'Zero no Tsukaima F'}",7.45,491,394857,1168,[],[],"[2, 10, 22, 9]","['Adventure', 'Fantasy', 'Romance', 'Ecchi']",24 min per ep,[7],['J.C.Staff'],1853,PG-13 - Teens 13 or older,Light novel,Finished Airing,winter,230212,"[619, 777]","['Cospa', 'Showgate']","['anime', 'anime']",12,False,Saturdays,08:30,Asia/Tokyo,2012-01-07T00:00:00+00:00,2012-03-24T00:00:00+00:00,TV
14075,"{'type': 'Default', 'title': 'Zetsuen no Tempest'}",7.92,336,565080,6410,[27],['Shounen'],"[1, 8, 10, 7]","['Action', 'Drama', 'Fantasy', 'Mystery']",24 min per ep,[4],['Bones'],688,PG-13 - Teens 13 or older,Manga,Finished Airing,fall,251332,"[17, 53, 58, 143, 795]","['Aniplex', 'Dentsu', 'Square Enix', 'Mainichi Broadcasting System', 'Yahoo! Japan']","['anime', 'anime', 'anime', 'anime', 'anime']",24,False,Fridays,02:00,Asia/Tokyo,2012-10-05T00:00:00+00:00,2013-03-29T00:00:00+00:00,TV
6682,"{'type': 'Default', 'title': '11eyes'}",6.08,909,228569,428,[],[],"[1, 37, 9]","['Action', 'Supernatural', 'Ecchi']",25 min per ep,[95],['Doga Kobo'],8753,R - 17+ (violence & profanity),Visual novel,Finished Airing,fall,123239,"[82, 144, 699]","['Marvelous', 'Pony Canyon', 'feng']","['anime', 'anime', 'anime']",12,False,Wednesdays,01:00,Asia/Tokyo,2009-10-07T00:00:00+00:00,2009-12-23T00:00:00+00:00,TV
32998,"{'type': 'Default', 'title': '91 Days'}",7.83,270,650735,7376,[],[],"[1, 8]","['Action', 'Drama']",24 min per ep,[1119],['Shuka'],840,R - 17+ (violence & profanity),Original,Finished Airing,summer,299464,"[109, 143, 1626]","['Shochiku', 'Mainichi Broadcasting System', 'Shochiku Music Publishing']","['anime', 'anime', 'anime']",12,False,Saturdays,01:55,Asia/Tokyo,2016-07-09T00:00:00+00:00,2016-10-01T00:00:00+00:00,TV
31580,"{'type': 'Default', 'title': 'Ajin'}",7.41,343,551535,3027,[42],['Seinen'],"[1, 14, 7, 37]","['Action', 'Horror', 'Mystery', 'Supernatural']",24 min per ep,[1023],['Polygon Pictures'],2023,R - 17+ (violence & profanity),Manga,Finished Airing,winter,278725,"[143, 159, 460, 737, 1143, 1344]","['Mainichi Broadcasting System', 'Kodansha', 'KlockWorx', 'Sony Music Communications', 'TOHO animation', 'King Records']","['anime', 'anime', 'anime', 'anime', 'anime', 'anime']",13,False,Saturdays,01:55,Asia/Tokyo,2016-01-16T00:00:00+00:00,2016-04-09T00:00:00+00:00,TV
22199,"{'type': 'Default', 'title': 'Akame ga Kill!'}",7.47,29,1912673,27165,[27],['Shounen'],"[1, 10]","['Action', 'Fantasy']",23 min per ep,[314],['White Fox'],1786,R - 17+ (violence & profanity),Manga,Finished Airing,summer,1209831,"[58, 1143]","['Square Enix', 'TOHO animation']","['anime', 'anime']",24,False,Mondays,00:00,Asia/Tokyo,2014-07-07T00:00:00+00:00,2014-12-15T00:00:00+00:00,TV
22729,"{'type': 'Default', 'title': 'Aldnoah.Zero'}",7.4,388,489547,3425,[],[],"[1, 24]","['Action', 'Sci-Fi']",23 min per ep,"[56, 1103]","['A-1 Pictures', 'TROYCA']",2048,R - 17+ (violence & profanity),Original,Finished Airing,summer,272677,"[17, 166, 459, 797, 963, 1211, 1415, 1416]","['Aniplex', 'Movic', 'Nitroplus', 'Houbunsha', 'MAGES.', 'Tokyo MX', 'Asahi Broadcasting', 'BS11']","['anime', 'anime', 'anime', 'anime', 'anime', 'anime', 'anime', 'anime']",12,False,Sundays,00:00,Asia/Tokyo,2014-07-06T00:00:00+00:00,2014-09-21T00:00:00+00:00,TV
